ID đơn hàng,Trạng thái đặt hàng,Checkout id,Thời Gian Đặt Hàng,Thời gian hoàn thành,Thời gian Click,Tên Shop,Shop id,Loại Shop,Item id,Tên Item,ID Model,Loại sản phẩm,Promotion id,L1 Danh mục toàn cầu,L2 Danh mục toàn cầu,L3 Danh mục toàn cầu,Giá(₫),Số lượng,Loại Hoa hồng,Đối tác chiến dịchr,Giá trị đơn hàng (₫),Số tiền hoàn trả (₫),Tỷ lệ sản phẩm hoa hồng Shope,Hoa hồng Shopee trên sản phẩm(₫),Tỷ lệ sản phẩm hoa hồng người bán,Hoa hồng Xtra trên sản phẩm(₫),Tổng hoa hồng sản phẩm(₫),Hoa hồng đơn hàng từ Shopee(₫),Hoa hồng đơn hàng từ Người bán(₫),Tổng hoa hồng đơn hàng(₫),Tên MNC đã liên kết,Mã hợp đồng MCN,Mức phí quản lý MCN,Phí quản lý MCN(₫),Mức hoa hồng tiếp thị liên kết theo thỏa thuận,Hoa hồng ròng tiếp thị liên kết(₫),Trạng thái sản phẩm liên kết,Ghi chú sản phẩm,Loại thuộc tính,Trạng thái người mua,Sub_id1,Sub_id2,Sub_id3,Sub_id4,Sub_id5,Kênh
251030D6GR3SET,Đang chờ xử lý,2.15E+14,10/29/2025 23:14,,10/23/2025 13:34,GYMI - DỤNG CỤ TẬP GYM,47305935,Preferred(Non-CB),20317610036,"Dây Nhảy Thể Dục, Dây Nhảy Thể Lực Tập Thể Dục Thể Thao Lõi Thép Cao Cấp 2,9m Kèm Tạ Tay Cầm DN01",1.37E+11,Normal Product,,Thể Thao & Dã Ngoại,Dụng Cụ Thể Thao & Dã Ngoại,Thiết Bị Thể Thao,39000,1,XTRA Comm,,38092,,6.00%,2285.52,6.00%,2285.52,4571.04,2285.52,2285.52,4571.04,,0,0.00%,0,100.00%,4571.04,Đang chờ xử lý,"Trạng thái của sản phẩm đang chờ xử lý, hoa hồng sẽ chỉ được thanh toán khi nó được hoàn thành",Đơn hàng từ các Shop khác nhau,Đã tồn tại,CB2_1_20251103230539,,,,,Others
251029D4XUP5QK,Đang chờ xử lý,2.15E+14,10/29/2025 22:46,,10/29/2025 12:34,Phương Store 01,1133542238,Preferred(Non-CB),29627963528,Áo len cộc vặn thừng TAG SẮT chất mềm mịn hàng QC.,79525820481,Normal Product,,Thời Trang Nữ,Áo len,,121000,1,XTRA Comm,,106480,,6.00%,6388.8,3.00%,3194.4,9583.2,6388.8,3194.4,9583.2,,0,0.00%,0,100.00%,9583.2,Đang chờ xử lý,"Trạng thái của sản phẩm đang chờ xử lý, hoa hồng sẽ chỉ được thanh toán khi nó được hoàn thành",Đơn hàng từ các Shop khác nhau,Đã tồn tại,CB2_1_20251103230539,,,,,Facebook
251029D4WB2J0U,Đang chờ xử lý,2.15E+14,10/29/2025 22:45,,10/25/2025 12:57,NUTAFOOD VIỆT NAM ,145366767,Preferred(Non-CB),3656822901,Bột Protein Thực Vật Ultimate Plant Bổ Sung Đạm thực Vật,1.88E+11,Normal Product,,Sức Khỏe,Thực phẩm chức năng,Hỗ trợ sức khỏe,289000,1,Shopee Comm,,260100,,6.00%,15606,0.00%,0,15606,15606,0,15606,,0,0.00%,0,100.00%,15606,Đang chờ xử lý,"Trạng thái của sản phẩm đang chờ xử lý, hoa hồng sẽ chỉ được thanh toán khi nó được hoàn thành",Đơn hàng từ các Shop khác nhau,Đã tồn tại,CB2_1_20251103230539,,,,,Others
251029D4DNFAVG,Đang chờ xử lý,2.15E+14,10/29/2025 22:37,,10/29/2025 20:16,Giá Rẻ Mỗi Ngày68,1230404778,C2C(Non-CB),29916268763,Set 2 bát gấu- BÁT LỢN HEO  kèm 2 thìa - Bát sứ cho bé siêu xinh,1.29E+11,Normal Product,,Mẹ & Bé,Đồ dùng ăn dặm cho bé,Đồ dùng cho bé,48000,1,Shopee Comm,,131,,6.00%,7.86,0.00%,0,7.86,7.86,0,7.86,,0,0.00%,0,100.00%,7.86,Đang chờ xử lý,"Trạng thái của sản phẩm đang chờ xử lý, hoa hồng sẽ chỉ được thanh toán khi nó được hoàn thành",Đơn hàng từ các Shop khác nhau,Đã tồn tại,CB2_1_20251103230539,,,,,Facebook
251029D4DNFAVF,Đang chờ xử lý,2.15E+14,10/29/2025 22:37,,10/29/2025 20:16,The Garden Tea & Coffee,55718056,Shopee Mall(Non-CB),14155706616,"Set Trà Sữa Tự Pha Trân Châu Đường Đen  THE GARDEN, Nguyên Liệu Làm Trà Sữa Phúc Long, Matcha 10 vị 6-8 Ly",48441344678,Normal Product,,Thực phẩm và đồ uống,Đồ uống,Trà & trà túi lọc,32220,1,Shopee Comm,,89,,6.00%,5.34,0.00%,0,5.34,5.34,0,5.34,,0,0.00%,0,100.00%,5.34,Đang chờ xử lý,"Trạng thái của sản phẩm đang chờ xử lý, hoa hồng sẽ chỉ được thanh toán khi nó được hoàn thành",Đơn hàng từ các Shop khác nhau,Đã tồn tại,CB2_1_20251103230539,,,,,Facebook
251029D3VPSV4J,Đang chờ xử lý,2.15E+14,10/29/2025 22:27,,10/27/2025 8:34,chuyendungcuphunxamhp,159903487,Preferred(Non-CB),26661424454,Đầu ghép máy thần thánh Plastic 7 cái/vỉ và ngòi máy thần thánh,2.59E+11,Normal Product,,Sắc Đẹp,Dụng cụ làm đẹp,Khác,19500,1,Shopee Comm,,4500,,6.00%,270,0.00%,0,270,270,0,270,,0,0.00%,0,100.00%,270,Đang chờ xử lý,"Trạng thái của sản phẩm đang chờ xử lý, hoa hồng sẽ chỉ được thanh toán khi nó được hoàn thành",Đơn hàng từ các Shop khác nhau,Đã tồn tại,CB2_1_20251103230539,,,,,Others
251029D3CRJS3S,Đang chờ xử lý,2.15E+14,10/29/2025 22:18,,10/25/2025 8:09,Ăn vặt cùng Én,1346088033,C2C(Non-CB),43257548080,"Hộp khoảng 65 cây kẹo mút trái cây hương tổng hợp Welly Candy, kẹo mút trái cây siêu ngon",2.61E+11,Normal Product,,Thực phẩm và đồ uống,Đồ ăn vặt,Kẹo,57000,2,Shopee Comm,,114000,,6.00%,6840,0.00%,0,6840,6840,0,6840,,0,0.00%,0,100.00%,6840,Đang chờ xử lý,"Trạng thái của sản phẩm đang chờ xử lý, hoa hồng sẽ chỉ được thanh toán khi nó được hoàn thành",Đơn hàng từ các Shop khác nhau,Đã tồn tại,CB2_1_20251103230539,,,,,Facebook
251029D2WRVU60,Đang chờ xử lý,2.15E+14,10/29/2025 22:10,,10/28/2025 15:27,ELLY - Handbag Store,30614698,Preferred(Non-CB),28514208248,Móc khóa quả cầu gấu bông lông xù đáng yêu trang trí balo túi xách,2.52E+11,Normal Product,,Túi Ví Nữ,Phụ kiện túi,Charm và phụ kiện gắn túi,26000,1,Shopee Comm,,23920,,6.00%,1435.2,0.00%,0,1435.2,6900,0,6900,,0,0.00%,0,100.00%,6900,Đang chờ xử lý,"Trạng thái của sản phẩm đang chờ xử lý, hoa hồng sẽ chỉ được thanh toán khi nó được hoàn thành",Đơn hàng từ các Shop khác nhau,Đã tồn tại,CB2_1_20251103230539,,,,,Facebook
251029D2WRVU60,Đang chờ xử lý,2.15E+14,10/29/2025 22:10,,10/28/2025 15:27,ELLY - Handbag Store,30614698,Preferred(Non-CB),43653170150,"Túi đeo vai thời trang dáng thuyền phong cách kèm móc khóa bông hoa xinh xắn, túi khóa kéo đơn giản",3.05E+11,Normal Product,,Túi Ví Nữ,Túi đeo chéo & Túi đeo vai,,99000,1,Shopee Comm,,91080,,6.00%,5464.8,0.00%,0,5464.8,0,0,0,,0,0.00%,0,100.00%,0,Đang chờ xử lý,"Trạng thái của sản phẩm đang chờ xử lý, hoa hồng sẽ chỉ được thanh toán khi nó được hoàn thành",Đơn hàng từ các Shop khác nhau,Đã tồn tại,CB2_1_20251103230539,,,,,Facebook
251029D2RWDV0C,Đang chờ xử lý,2.15E+14,10/29/2025 22:07,,10/27/2025 12:07,HEAKOS,434456876,C2C(Non-CB),24791807838,Bấm Bút Gel Nhanh Khô Đen/Đỏ/Xanh Mực ST Đầu 0.5 Mm Mềm Bút Cầm Văn Phòng Viết Văn Phòng Phẩm Đồ Dùng Học Tập HEAKOS,2.34E+11,Normal Product,,Văn Phòng Phẩm,Bút Các Loại,Bút & Mực,1098,1,Shopee Comm,,1098,,6.00%,65.88,0.00%,0,65.88,65.88,0,65.88,,0,0.00%,0,100.00%,65.88,Đang chờ xử lý,"Trạng thái của sản phẩm đang chờ xử lý, hoa hồng sẽ chỉ được thanh toán khi nó được hoàn thành",Đơn hàng từ các Shop khác nhau,Đã tồn tại,CB2_1_20251103230539,,,,,Others
251029D24F64K5,Đang chờ xử lý,2.15E+14,10/29/2025 21:56,,10/29/2025 13:05,Nước Pha Sữa AOI,1388528521,Preferred(Non-CB),40957403642,"[ COMBO 6 CHAI 1.5L ] Nước thanh khiết pha sữa AOI an toàn, tốt cho bé, giữ trọn vẹn dưỡng chất",2.81E+11,Normal Product,,Mẹ & Bé,Sữa công thức & Thực phẩm cho bé,Khác,108000,2,XTRA Comm,,194400,,6.00%,11664,2.00%,3888,15552,11664,3888,15552,,0,0.00%,0,100.00%,15552,Đang chờ xử lý,"Trạng thái của sản phẩm đang chờ xử lý, hoa hồng sẽ chỉ được thanh toán khi nó được hoàn thành",Đơn hàng từ các Shop khác nhau,Đã tồn tại,CB2_1_20251103230539,,,,,Others
251029D1UWEQHU,Đang chờ xử lý,2.15E+14,10/29/2025 21:51,,10/24/2025 11:30,Bông Sen Vàng Official Store,796123153,Shopee Mall(Non-CB),22989632674,Khăn Giấy Rút Treo Tường Bông Sen Vàng (6 Bịch tặng 3 móc treo + 10 cái khẩu trang 5D),1.49E+11,Normal Product,,Nhà cửa & Đời sống,Dụng cụ chăm sóc nhà cửa,"Khăn giấy, giấy ướt",115000,1,XTRA Comm,,103500,,6.00%,6210,1.00%,1035,7245,10800,1800,12600,,0,0.00%,0,100.00%,12600,Đang chờ xử lý,"Trạng thái của sản phẩm đang chờ xử lý, hoa hồng sẽ chỉ được thanh toán khi nó được hoàn thành",Đơn hàng từ các Shop khác nhau,Đã tồn tại,CB2_1_20251103230539,,,,,Others
251029D1UWEQHU,Đang chờ xử lý,2.15E+14,10/29/2025 21:51,,10/24/2025 11:30,Bông Sen Vàng Official Store,796123153,Shopee Mall(Non-CB),24284062935,"Thùng Giấy ăn cao cấp Bông Sen Vàng 4 lớp mềm mịn, an toàn, tiện lợi.",2.56E+11,Normal Product,,Nhà cửa & Đời sống,Dụng cụ chăm sóc nhà cửa,"Khăn giấy, giấy ướt",85000,1,XTRA Comm,,76500,,6.00%,4590,1.00%,765,5355,0,0,0,,0,0.00%,0,100.00%,0,Đang chờ xử lý,"Trạng thái của sản phẩm đang chờ xử lý, hoa hồng sẽ chỉ được thanh toán khi nó được hoàn thành",Đơn hàng từ các Shop khác nhau,Đã tồn tại,CB2_1_20251103230539,,,,,Others
251029D1JE6YTU,Đang chờ xử lý,2.15E+14,10/29/2025 21:46,,10/29/2025 3:07,Duyen Mai Shop - Mỹ Phẩm,58399260,C2C(Non-CB),1737049792,Kem Nền Che Khuyết Điểm Maycheer Cover Face Hàng Nội Địa Trung,2852957746,Normal Product,,Sắc Đẹp,Trang điểm,Trang điểm mặt,33000,2,Shopee Comm,,66000,,6.00%,3960,0.00%,0,3960,3960,0,3960,,0,0.00%,0,100.00%,3960,Đang chờ xử lý,"Trạng thái của sản phẩm đang chờ xử lý, hoa hồng sẽ chỉ được thanh toán khi nó được hoàn thành",Đơn hàng từ các Shop khác nhau,Đã tồn tại,CB2_1_20251103230539,,,,,Facebook
251029D15M6EUC,Đã hủy,2.15E+14,10/29/2025 21:38,--,10/29/2025 10:37,Yunos Health,993331594,Preferred(Non-CB),28088088554,"Yunos Máy hút sữa điện đơn không dây Máy vắt sữa cao cấp 9 chế độ hút không gây đau rát, kích sữa và có chế độ massage",1.49E+11,Normal Product,,Mẹ & Bé,Đồ dùng ăn dặm cho bé,Đồ dùng cho con bú,298000,0,XTRA Comm,,0,265500,6.00%,0,3.00%,0,0,0,0,0,,0,0.00%,0,100.00%,0,Đã hủy,Đơn hàng không hợp lệ.,Đơn hàng từ các Shop khác nhau,Đã tồn tại,CB2_1_20251103230539,,,,,Facebook
251029D13YP7XF,Đang chờ xử lý,2.15E+14,10/29/2025 21:38,,10/28/2025 3:08,Đồ Đồng Shop,192892849,C2C(Non-CB),26576937651,Móc Khóa Bình Bát Tụ Bảo Size Lớn - 4 Món Tặng Kèm Móc Bấm Hợp Kim Và Cát Đỏ.,2.37E+11,Normal Product,,Sở thích & Sưu tầm,Quà Lưu Niệm,Móc khóa,45000,1,XTRA Comm,,45000,,6.00%,2700,5.00%,2250,4950,2700,2250,4950,,0,0.00%,0,100.00%,4950,Đang chờ xử lý,"Trạng thái của sản phẩm đang chờ xử lý, hoa hồng sẽ chỉ được thanh toán khi nó được hoàn thành",Đơn hàng từ các Shop khác nhau,Đã tồn tại,CB2_1_20251103230539,,,,,Others
251029D11CRXBF,Đang chờ xử lý,2.15E+14,10/29/2025 21:36,,10/27/2025 22:08,Phụ Kiện iPhone Phước Long,7171450,Preferred(Non-CB),18292370351,(Sale)Cáp Belkin Flex Silicon C to L i g h t MF i (Không Hộp) BH 3 Tháng Vui Lòng Đọc Mô Tả,1.76E+11,Normal Product,,Điện Thoại & Phụ Kiện,Phụ kiện,"Cáp, sạc & bộ chuyển đổi",140000,1,Shopee Comm,,125000,,6.00%,7500,0.00%,0,7500,7500,0,7500,,0,0.00%,0,100.00%,7500,Đang chờ xử lý,"Trạng thái của sản phẩm đang chờ xử lý, hoa hồng sẽ chỉ được thanh toán khi nó được hoàn thành",Đơn hàng từ các Shop khác nhau,Đã tồn tại,CB2_1_20251103230539,,,,,Facebook
251029D0RVVSBB,Đang chờ xử lý,2.15E+14,10/29/2025 21:31,,10/28/2025 17:31,chăn ga xinh,78513158,C2C(Non-CB),26219425525,"Gối ôm hình Kuromi, My Melody, Cinnamoroll , helo kitty , stick siêu đáng yêu gấu bông quà tặng cao cấp",39844607269,Normal Product,,Nhà cửa & Đời sống,Chăn ga gối nệm,Gối ôm,177500,1,XTRA Comm,,157050,,6.00%,9423,1.00%,1570.5,10993.5,9423,1570.5,10993.5,,0,0.00%,0,100.00%,10993.5,Đang chờ xử lý,"Trạng thái của sản phẩm đang chờ xử lý, hoa hồng sẽ chỉ được thanh toán khi nó được hoàn thành",Đơn hàng từ các Shop khác nhau,Đã tồn tại,CB2_1_20251103230539,,,,,Facebook
251029D0GC58HM,Đang chờ xử lý,2.15E+14,10/29/2025 21:27,,10/29/2025 6:10,XƯỞNG MAY ĐỒ BỘ HẰNG MOON,310866808,Preferred(Non-CB),40774207920,"Set Đồ Nữ BigSize, Set Bộ Áo Cotton TAY DÀI KITTY Phối Quần DA BEO Siêu Xinh [Form 45 - 85Kg]",1.48E+11,Normal Product,,Thời Trang Nữ,Bộ,Đồ lẻ,179000,1,XTRA Comm,,161100,,6.00%,9666,5.00%,8055,17721,9666,8055,17721,,0,0.00%,0,100.00%,17721,Đang chờ xử lý,"Trạng thái của sản phẩm đang chờ xử lý, hoa hồng sẽ chỉ được thanh toán khi nó được hoàn thành",Đơn hàng từ các Shop khác nhau,Đã tồn tại,CB2_1_20251103230539,,,,,Facebook
251029D03H5UCH,Đang chờ xử lý,2.15E+14,10/29/2025 21:19,,10/29/2025 12:39,Kính cường lực-Technology_news,156881959,Preferred(Non-CB),9543673100,Kính cường lực Samsung A15 A14 A24 A25 A13 A34 A32 A05 A04 A73 A52 A72 M15 A06 A12 A03 A51 A53 A71 A11 A70 A20 A30 A50,1.19E+11,Normal Product,,Điện Thoại & Phụ Kiện,Phụ kiện,Miếng dán màn hình,15900,2,Shopee Comm,,31800,,6.00%,1908,0.00%,0,1908,1908,0,1908,,0,0.00%,0,100.00%,1908,Đang chờ xử lý,"Trạng thái của sản phẩm đang chờ xử lý, hoa hồng sẽ chỉ được thanh toán khi nó được hoàn thành",Đơn hàng từ các Shop khác nhau,Đã tồn tại,CB2_1_20251103230539,,,,,Facebook
251029CYRN37A5,Đang chờ xử lý,2.15E+14,10/29/2025 21:13,,10/26/2025 18:11,Mabel Cosmetics: Mỹ Phẩm Korea,316606631,Shopee Mall(Non-CB),8310576251,Tinh chất giảm mụn Caryophy 30ml (Caryophy Portulaca Ampoule 30ml),1.39E+11,Normal Product,,Sắc Đẹp,Chăm sóc da mặt,Tinh chất dưỡng,379000,1,XTRA Comm,,338100,,6.00%,20286,1.56%,5274.36,25560.36,20286,5274.36,25560.36,,0,0.00%,0,100.00%,25560.36,Đang chờ xử lý,"Trạng thái của sản phẩm đang chờ xử lý, hoa hồng sẽ chỉ được thanh toán khi nó được hoàn thành",Đơn hàng từ các Shop khác nhau,Đã tồn tại,CB2_1_20251103230539,,,,,Facebook
251029CVUHRMK9,Đang chờ xử lý,2.15E+14,10/29/2025 20:21,,10/27/2025 19:07,Đồ Chơi Chợ Lớn HCM,208696365,C2C(Non-CB),18262609998,"Hít kính giữ ống dây oxy, ống dẫn nước, nút hít đèn loại TỐT cho hồ cá cảnh (hàng Trung Quốc)",1.37E+11,Normal Product,,Chăm Sóc Thú Cưng,Phụ kiện cho thú cưng,Phụ kiện thủy sinh,2500,6,Shopee Comm,,15000,,0.00%,0,0.00%,0,0,0,0,0,,0,0.00%,0,100.00%,0,Đang chờ xử lý,"Trạng thái của sản phẩm đang chờ xử lý, hoa hồng sẽ chỉ được thanh toán khi nó được hoàn thành",Đơn hàng từ các Shop khác nhau,Đã tồn tại,CB2_1_20251103230539,,,,,Facebook
251029CVUHRMK9,Đang chờ xử lý,2.15E+14,10/29/2025 20:21,,10/27/2025 19:07,Đồ Chơi Chợ Lớn HCM,208696365,C2C(Non-CB),20653575104,"Cốc đựng giun, trùn chỉ có giác hút bằng nhựa MICA cho cá ăn - phụ kiện dụng cụ ăn hồ cá",1.65E+11,Normal Product,,Chăm Sóc Thú Cưng,Phụ kiện cho thú cưng,Bát & dụng cụ ăn,12000,2,Shopee Comm,,24000,,0.00%,0,0.00%,0,0,0,0,0,,0,0.00%,0,100.00%,0,Đang chờ xử lý,"Trạng thái của sản phẩm đang chờ xử lý, hoa hồng sẽ chỉ được thanh toán khi nó được hoàn thành",Đơn hàng từ các Shop khác nhau,Đã tồn tại,CB2_1_20251103230539,,,,,Facebook
251029CVUHRMK9,Đang chờ xử lý,2.15E+14,10/29/2025 20:21,,10/27/2025 19:07,Đồ Chơi Chợ Lớn HCM,208696365,C2C(Non-CB),7711134954,Van ống T Nối Khóa Tăng Giảm chia dây oxy 4 Li cho hồ cá cảnh,11604763886,Normal Product,,Chăm Sóc Thú Cưng,Phụ kiện cho thú cưng,Phụ kiện thủy sinh,12500,1,Shopee Comm,,12500,,0.00%,0,0.00%,0,0,0,0,0,,0,0.00%,0,100.00%,0,Đang chờ xử lý,"Trạng thái của sản phẩm đang chờ xử lý, hoa hồng sẽ chỉ được thanh toán khi nó được hoàn thành",Đơn hàng từ các Shop khác nhau,Đã tồn tại,CB2_1_20251103230539,,,,,Facebook
251029CVUHRMK8,Đang chờ xử lý,2.15E+14,10/29/2025 20:21,,10/27/2025 19:07,Bok Guppy Bách Hóa,118431449,C2C(Non-CB),1877052064,Ống Hút Artemia - Bobo | Ống Pipet Nhỏ Giọt 3ml - 5ml - 10ml,21008367652,Normal Product,,Chăm Sóc Thú Cưng,Phụ kiện cho thú cưng,Phụ kiện thủy sinh,3980,1,Shopee Comm,,3980,,0.00%,0,0.00%,0,0,450,0,450,,0,0.00%,0,100.00%,450,Đang chờ xử lý,"Trạng thái của sản phẩm đang chờ xử lý, hoa hồng sẽ chỉ được thanh toán khi nó được hoàn thành",Đơn hàng từ các Shop khác nhau,Đã tồn tại,CB2_1_20251103230539,,,,,Facebook
251029CVUHRMK8,Đang chờ xử lý,2.15E+14,10/29/2025 20:21,,10/27/2025 19:07,Bok Guppy Bách Hóa,118431449,C2C(Non-CB),2998867063,"Chậu Nhựa Mini Dùng Cắm Cây Thủy Sinh, Trồng Sen Đá, Xương Rồng, Ươm Cây",1.43E+11,Normal Product,,Nhà cửa & Đời sống,Làm vườn,Chậu cây,2500,3,Shopee Comm,,7500,,6.00%,450,0.00%,0,450,0,0,0,,0,0.00%,0,100.00%,0,Đang chờ xử lý,"Trạng thái của sản phẩm đang chờ xử lý, hoa hồng sẽ chỉ được thanh toán khi nó được hoàn thành",Đơn hàng từ các Shop khác nhau,Đã tồn tại,CB2_1_20251103230539,,,,,Facebook
251029CV01HQDV,Đang chờ xử lý,2.15E+14,10/29/2025 20:06,,10/24/2025 21:54,Panther's Autoparts,227622388,Preferred(Non-CB),28171366088,"Ốp Chìa Khóa Xe Toyota Corolla Cross, Camry, Corolla Altis Chìa 3,4 Nút Hợp Kim Phối Da 4 Màu",1.39E+11,Normal Product,,Ô tô,Móc chìa khóa và Bọc chìa ô tô,,229000,1,Shopee Comm,,229000,,6.00%,13740,0.00%,0,13740,13740,0,13740,,0,0.00%,0,100.00%,13740,Đang chờ xử lý,"Trạng thái của sản phẩm đang chờ xử lý, hoa hồng sẽ chỉ được thanh toán khi nó được hoàn thành",Đơn hàng từ các Shop khác nhau,Đã tồn tại,CB2_1_20251103230539,,,,,Facebook
251029CUK3KTS5,Đang chờ xử lý,2.15E+14,10/29/2025 19:59,,10/28/2025 13:41,Cherry - Xưởng Sản Xuất Tất Vớ,446036652,Preferred(Non-CB),13538353243,"Tất nam công sở cổ ngắn chất liệu vải Hàn thoáng, sét tất nam co giãn bốn chiều - Cherry Shop",57660009002,Normal Product,,Thời Trang Nam,Vớ/ Tất,,43000,1,XTRA Comm,,43000,,6.00%,2580,1.00%,430,3010,5098.62,849.77,5948.39,,0,0.00%,0,100.00%,5948.39,Đang chờ xử lý,"Trạng thái của sản phẩm đang chờ xử lý, hoa hồng sẽ chỉ được thanh toán khi nó được hoàn thành",Đơn hàng từ các Shop khác nhau,Đã tồn tại,CB2_1_20251103230539,,,,,Facebook
251029CUK3KTS5,Đang chờ xử lý,2.15E+14,10/29/2025 19:59,,10/28/2025 13:41,Cherry - Xưởng Sản Xuất Tất Vớ,446036652,Preferred(Non-CB),13538353243,"Tất nam công sở cổ ngắn chất liệu vải Hàn thoáng, sét tất nam co giãn bốn chiều - Cherry Shop",1.91E+11,Normal Product,,Thời Trang Nam,Vớ/ Tất,,41977,1,XTRA Comm,,41977,,6.00%,2518.62,1.00%,419.77,2938.39,0,0,0,,0,0.00%,0,100.00%,0,Đang chờ xử lý,"Trạng thái của sản phẩm đang chờ xử lý, hoa hồng sẽ chỉ được thanh toán khi nó được hoàn thành",Đơn hàng từ các Shop khác nhau,Đã tồn tại,CB2_1_20251103230539,,,,,Facebook
251029CSVXTSHX,Đang chờ xử lý,2.15E+14,10/29/2025 19:28,,10/28/2025 7:06,LIDAK SPORT,912244868,Shopee Mall(Non-CB),22274997792,Lưới cầu lông thi đấu Hải Yến trong nhà và ngoài trời lưới thi đấu các giải cầu lông toàn quốc chính hãng - LIDAK SPORT,1.57E+11,Normal Product,,Thể Thao & Dã Ngoại,Dụng Cụ Thể Thao & Dã Ngoại,Cầu Lông,192000,1,Shopee Comm,,172800,,6.00%,10368,0.00%,0,10368,10368,0,10368,,0,0.00%,0,100.00%,10368,Đang chờ xử lý,"Trạng thái của sản phẩm đang chờ xử lý, hoa hồng sẽ chỉ được thanh toán khi nó được hoàn thành",Đơn hàng từ các Shop khác nhau,Đã tồn tại,CB2_1_20251103230539,,,,,Facebook
251029CSV8V5Q3,Đang chờ xử lý,2.15E+14,10/29/2025 19:28,,10/29/2025 8:58,ZODAN Official Store,1041085930,Shopee Mall(Non-CB),23456769063,"[CÓ VIDEO][BH 1NĂM] Cân tiểu ly điện tử 5.0Kg ZODAN C105 - chính xác từng gam, chính hãng BH 1 Năm",1.28E+11,Normal Product,,Nhà cửa & Đời sống,Dụng cụ nhà bếp,Cân nhà bếp,70000,1,XTRA Comm,,64170,,6.00%,3850.2,2.00%,1283.4,5133.6,3850.2,1283.4,5133.6,,0,0.00%,0,100.00%,5133.6,Đang chờ xử lý,"Trạng thái của sản phẩm đang chờ xử lý, hoa hồng sẽ chỉ được thanh toán khi nó được hoàn thành",Đơn hàng từ các Shop khác nhau,Đã tồn tại,CB2_1_20251103230539,,,,,Facebook
251029CSRYX213,Đang chờ xử lý,2.15E+14,10/29/2025 19:26,,10/29/2025 18:51,Coolstore Sportwear,272257225,Preferred(Non-CB),28201576049,[Hàng Loại 1] Quần tập legging chống lộ lulu thun lạnh 25% spandex cạp siêu cao chiết eo tôn dáng Coolstore ( ảnh thật),2.23E+11,Normal Product,,Thể Thao & Dã Ngoại,Thời Trang Thể Thao & Dã Ngoại,Quần Thể Thao,177000,1,XTRA Comm,,150450,,6.00%,9027,2.50%,3761.25,12788.25,30878.46,12866.025,43744.485,,0,0.00%,0,100.00%,43744.485,Đang chờ xử lý,"Trạng thái của sản phẩm đang chờ xử lý, hoa hồng sẽ chỉ được thanh toán khi nó được hoàn thành",Đơn hàng từ các Shop khác nhau,Đã tồn tại,CB2_1_20251103230539,,,,,Others
251029CSRYX213,Đang chờ xử lý,2.15E+14,10/29/2025 19:26,,10/29/2025 18:51,Coolstore Sportwear,272257225,Preferred(Non-CB),28862494009,"Bảo vệ đầu gối, Cặp Bó gối Có Miếng Đệm Dày,Tập Gym,Thể Dục, Chạy Bộ,Yoga Thể Thao Hạn Chế Chấn Thương Lên Khớp Gối",2.15E+11,Normal Product,,Thể Thao & Dã Ngoại,Phụ Kiện Thể Thao & Dã Ngoại,Đồ Bảo Hộ Gym,53820,1,XTRA Comm,,45747,,6.00%,2744.82,2.50%,1143.675,3888.495,0,0,0,,0,0.00%,0,100.00%,0,Đang chờ xử lý,"Trạng thái của sản phẩm đang chờ xử lý, hoa hồng sẽ chỉ được thanh toán khi nó được hoàn thành",Đơn hàng từ các Shop khác nhau,Đã tồn tại,CB2_1_20251103230539,,,,,Others
251029CSRYX213,Đang chờ xử lý,2.15E+14,10/29/2025 19:26,,10/29/2025 18:51,Coolstore Sportwear,272257225,Preferred(Non-CB),29355251429,Áo bra tập thể thao mút đúc su cố định vải spandex nâng form v1 mềm mại tập gym yoga Coolstore,2.23E+11,Normal Product,,Thể Thao & Dã Ngoại,Thời Trang Thể Thao & Dã Ngoại,Áo Lót Thể Thao,208320,1,XTRA Comm,,177072,,6.00%,10624.32,2.50%,4426.8,15051.12,0,0,0,,0,0.00%,0,100.00%,0,Đang chờ xử lý,"Trạng thái của sản phẩm đang chờ xử lý, hoa hồng sẽ chỉ được thanh toán khi nó được hoàn thành",Đơn hàng từ các Shop khác nhau,Đã tồn tại,CB2_1_20251103230539,,,,,Others
251029CSRYX213,Đang chờ xử lý,2.15E+14,10/29/2025 19:26,,10/29/2025 18:51,Coolstore Sportwear,272257225,Preferred(Non-CB),27005446736,Quần đùi Short Bike Lulu mịn 25%spandex legging cạp cao chống lộ tập gym yoga thể thao nữ Coolstore Sportwear,1.79E+11,Normal Product,,Thể Thao & Dã Ngoại,Thời Trang Thể Thao & Dã Ngoại,Quần Thể Thao,166320,1,XTRA Comm,,141372,,6.00%,8482.32,2.50%,3534.3,12016.62,0,0,0,,0,0.00%,0,100.00%,0,Đang chờ xử lý,"Trạng thái của sản phẩm đang chờ xử lý, hoa hồng sẽ chỉ được thanh toán khi nó được hoàn thành",Đơn hàng từ các Shop khác nhau,Đã tồn tại,CB2_1_20251103230539,,,,,Others
251029CRUQFR2P,Đang chờ xử lý,2.15E+14,10/29/2025 19:10,,10/27/2025 19:06,Găng Tay Cao Su Minh Ánh,1609497488,Preferred(Non-CB),25446477229,"( Dài 30cm) - 1Kg găng tay vinly trong xuốt không bột, dùng trong thực phẩm,đánh mỡ bụng,giảm béo spa",1.86E+11,Normal Product,,Nhà cửa & Đời sống,Dụng cụ nhà bếp,Tạp dề & găng tay nấu nướng,125000,1,Shopee Comm,,100000,,6.00%,6000,0.00%,0,6000,6000,0,6000,,0,0.00%,0,100.00%,6000,Đang chờ xử lý,"Trạng thái của sản phẩm đang chờ xử lý, hoa hồng sẽ chỉ được thanh toán khi nó được hoàn thành",Đơn hàng từ các Shop khác nhau,Đã tồn tại,CB2_1_20251103230539,,,,,Facebook
251029CR6P4ER8,Đang chờ xử lý,2.15E+14,10/29/2025 18:58,,10/27/2025 9:20,Nước Mắm Cát Hải - Quang Hải,1003808718,Preferred(Non-CB),23243731569,"Nước Mắm Chắt Cao Cấp Cát Hải - Quang Hải, 29 Độ Đạm, OCOP 4 Sao, Đậm Đà Hương Vị Truyền Thống",1.76E+11,Normal Product,,Thực phẩm và đồ uống,Nguyên liệu nấu ăn,Gia vị & Hương liệu,131100,1,XTRA Comm,,117990,,6.00%,7079.4,7.50%,8849.25,15928.65,7079.4,8849.25,15928.65,,0,0.00%,0,100.00%,15928.65,Đang chờ xử lý,"Trạng thái của sản phẩm đang chờ xử lý, hoa hồng sẽ chỉ được thanh toán khi nó được hoàn thành",Đơn hàng từ các Shop khác nhau,Đã tồn tại,CB2_1_20251103230539,,,,,Facebook
251029CQW6XAAR,Đang chờ xử lý,2.15E+14,10/29/2025 18:53,,10/29/2025 6:20,Lọc Nước Đại Nam,97893905,Preferred(Non-CB),14524243758,Lõi lọc nước AQUA chính hãng - Bộ lõi lọc thô 1 2 3,1.41E+11,Normal Product,,Thiết Bị Điện Gia Dụng,Đồ gia dụng nhà bếp,Máy lọc nước,65000,1,Shopee Comm,,59800,,6.00%,3588,0.00%,0,3588,5796,0,5796,,0,0.00%,0,100.00%,5796,Đang chờ xử lý,"Trạng thái của sản phẩm đang chờ xử lý, hoa hồng sẽ chỉ được thanh toán khi nó được hoàn thành",Đơn hàng từ các Shop khác nhau,Đã tồn tại,CB2_1_20251103230539,,,,,Facebook
251029CQW6XAAR,Đang chờ xử lý,2.15E+14,10/29/2025 18:53,,10/29/2025 6:20,Lọc Nước Đại Nam,97893905,Preferred(Non-CB),14524243758,Lõi lọc nước AQUA chính hãng - Bộ lõi lọc thô 1 2 3,1.41E+11,Normal Product,,Thiết Bị Điện Gia Dụng,Đồ gia dụng nhà bếp,Máy lọc nước,20000,2,Shopee Comm,,36800,,6.00%,2208,0.00%,0,2208,0,0,0,,0,0.00%,0,100.00%,0,Đang chờ xử lý,"Trạng thái của sản phẩm đang chờ xử lý, hoa hồng sẽ chỉ được thanh toán khi nó được hoàn thành",Đơn hàng từ các Shop khác nhau,Đã tồn tại,CB2_1_20251103230539,,,,,Facebook
251029CQJUYF65,Đang chờ xử lý,2.15E+14,10/29/2025 18:47,,10/27/2025 12:19,PhanHongHanh_Shop,155021110,Preferred(Non-CB),24116906663,Thùng 300 khẩu trang kf94 (màu xám),2.15E+11,Normal Product,,Sức Khỏe,Vật tư y tế,Bao tay và khẩu trang y tế,108800,1,XTRA Comm,,90896,,6.00%,5453.76,2.50%,2272.4,7726.16,5453.76,2272.4,7726.16,,0,0.00%,0,100.00%,7726.16,Đang chờ xử lý,"Trạng thái của sản phẩm đang chờ xử lý, hoa hồng sẽ chỉ được thanh toán khi nó được hoàn thành",Đơn hàng từ các Shop khác nhau,Đã tồn tại,CB2_1_20251103230539,,,,,Others
251029CQ07Y33N,Đang chờ xử lý,2.15E+14,10/29/2025 18:37,,10/28/2025 5:10,TP KIDs SHOP,17323171,Preferred(Non-CB),41019998220,"Set áo thun quần bò dài ống xuông rách cho bé trai hoa lá nhiều chi tiết phong cách hàn quốc,TPKIDS,[M1054]",2.87E+11,Normal Product,,Thời trang trẻ em & trẻ sơ sinh,Quần áo bé gái,Quần,241500,1,Shopee Comm,,212519,,0.00%,0,0.00%,0,0,0,0,0,,0,0.00%,0,100.00%,0,Đang chờ xử lý,"Trạng thái của sản phẩm đang chờ xử lý, hoa hồng sẽ chỉ được thanh toán khi nó được hoàn thành",Đơn hàng từ các Shop khác nhau,Đã tồn tại,CB2_1_20251103230539,,,,,Facebook
251029CQ07Y33M,Đang chờ xử lý,2.15E+14,10/29/2025 18:37,,10/28/2025 5:10,Dinh Dinh - Máy Làm Đẹp,14125848,Preferred(Non-CB),29313590686,"Mascara đầu lược A.M.G làm tơi, cong và dài mi tự nhiên, chuốt mi mắt macara amg ống thép kim loại",1.68E+11,Normal Product,,Sắc Đẹp,Trang điểm,Trang điểm mắt,47900,1,Shopee Comm,,47900,,6.00%,2874,0.00%,0,2874,2874,0,2874,,0,0.00%,0,100.00%,2874,Đang chờ xử lý,"Trạng thái của sản phẩm đang chờ xử lý, hoa hồng sẽ chỉ được thanh toán khi nó được hoàn thành",Đơn hàng từ các Shop khác nhau,Đã tồn tại,CB2_1_20251103230539,,,,,Facebook
251029CQ07Y33K,Đang chờ xử lý,2.15E+14,10/29/2025 18:37,,10/28/2025 5:10,CECI.studio,1105499348,Preferred(Non-CB),25116115593,[ TẶNG KÈM CÀ VẠT] Áo Sơ Mi Nữ Dài Tay Kẻ Sọc Form Rộng Sơ Mi Kiểu Phong Cách Hàn Quốc - Ceci.studio - A381,1.39E+11,Normal Product,,Thời Trang Nữ,Áo,Áo sơ mi,134000,1,Shopee Comm,,109666,,6.00%,6579.96,0.00%,0,6579.96,6579.96,0,6579.96,,0,0.00%,0,100.00%,6579.96,Đang chờ xử lý,"Trạng thái của sản phẩm đang chờ xử lý, hoa hồng sẽ chỉ được thanh toán khi nó được hoàn thành",Đơn hàng từ các Shop khác nhau,Đã tồn tại,CB2_1_20251103230539,,,,,Facebook
251029CPUH7WY1,Đang chờ xử lý,2.15E+14,10/29/2025 18:34,,10/25/2025 22:51,vuaremcuagiasi,227828544,Preferred(Non-CB),13425590059,"Rèm cửa dán tường Loại 1 chống nắng dành cho cửa sổ, vải gấm decor trang trí phòng khách ngủ VIP05 Vuaremgiasi",1.33E+11,Normal Product,339828139426286_0_0,Nhà cửa & Đời sống,Trang trí nhà cửa,"Rèm cửa, màn che",85000,1,XTRA Comm,,76500,,6.00%,4590,3.50%,2677.5,7267.5,4590,2677.5,7267.5,,0,0.00%,0,100.00%,7267.5,Đang chờ xử lý,"Trạng thái của sản phẩm đang chờ xử lý, hoa hồng sẽ chỉ được thanh toán khi nó được hoàn thành",Đơn hàng từ các Shop khác nhau,Đã tồn tại,CB2_1_20251103230539,,,,,Facebook
251029CPUH7WY1,Đang chờ xử lý,2.15E+14,10/29/2025 18:34,,10/25/2025 22:51,vuaremcuagiasi,227828544,Preferred(Non-CB),14774874986,"Dây cột rèm cửa sổ trang trí decor (1 sợi), dây buộc màn cửa chính Vuaremgiasi",2.65E+11,Normal Product,339828139426286_0_0,Nhà cửa & Đời sống,Trang trí nhà cửa,"Rèm cửa, màn che",0,1,XTRA Comm,,0,,6.00%,0,3.50%,0,0,0,0,0,,0,0.00%,0,100.00%,0,Đang chờ xử lý,"Trạng thái của sản phẩm đang chờ xử lý, hoa hồng sẽ chỉ được thanh toán khi nó được hoàn thành",Đơn hàng từ các Shop khác nhau,Đã tồn tại,CB2_1_20251103230539,,,,,Facebook
251029CPK770Q5,Đang chờ xử lý,2.15E+14,10/29/2025 18:29,,10/24/2025 12:11,ĐỒ CHƠI GIÁO DỤC TAKACOL ,44236289,Preferred(Non-CB),13644574868,Đất nặn an toàn Bột nặn TAKACOL set 6 màu siêu to khổng lồ DT18,1.32E+11,Normal Product,,Mẹ & Bé,Đồ chơi,Đồ chơi giáo dục,97900,1,XTRA Comm,,97900,,6.00%,5874,3.00%,2937,8811,5874,2937,8811,,0,0.00%,0,100.00%,8811,Đang chờ xử lý,"Trạng thái của sản phẩm đang chờ xử lý, hoa hồng sẽ chỉ được thanh toán khi nó được hoàn thành",Đơn hàng từ các Shop khác nhau,Đã tồn tại,CB2_1_20251103230539,,,,,Others
251029CPE343FF,Đang chờ xử lý,2.15E+14,10/29/2025 18:26,,10/27/2025 18:33,SHIN CASE - ỐP LƯNG CƯỜNG LỰC,89827191,Preferred(Non-CB),29560053836,Dây Đeo Điện Thoại Thời Trang Chống Rơi Nhiều Màu Sắc Phong Cách Kiểu Hàn Quốc,1.85E+11,Normal Product,,Điện Thoại & Phụ Kiện,Phụ kiện,Dây đeo điện thoại & Móc khóa,30900,1,XTRA Comm,,30195,,6.00%,1811.7,5.00%,1509.75,3321.45,1811.7,1509.75,3321.45,,0,0.00%,0,100.00%,3321.45,Đang chờ xử lý,"Trạng thái của sản phẩm đang chờ xử lý, hoa hồng sẽ chỉ được thanh toán khi nó được hoàn thành",Đơn hàng từ các Shop khác nhau,Đã tồn tại,CB2_1_20251103230539,,,,,Facebook
251029CNSKXRN3,Đang chờ xử lý,2.15E+14,10/29/2025 18:15,,10/28/2025 10:31,Tobyy Store,1473069989,C2C(Non-CB),28079479275,[ 🔥 Sẵn Hàng] Hộp xà phòng đám mây dễ thương Hộp đựng xà phòng treo tường Hộp đựng xà phòng đục lỗ miễn phí,2.58E+11,Normal Product,,Nhà cửa & Đời sống,Đồ dùng phòng tắm,Kệ đựng xà phòng,25000,1,XTRA Comm,,25000,,6.00%,1500,5.00%,1250,2750,1500,1250,2750,,0,0.00%,0,100.00%,2750,Đang chờ xử lý,"Trạng thái của sản phẩm đang chờ xử lý, hoa hồng sẽ chỉ được thanh toán khi nó được hoàn thành",Đơn hàng từ các Shop khác nhau,Đã tồn tại,CB2_1_20251103230539,,,,,Others
251029CNCEDNCF,Đang chờ xử lý,2.15E+14,10/29/2025 18:08,,10/29/2025 8:47,YY HOME-2.vn,181845402,C2C(CB),19667415675,Bìa Kẹp Tài Liệu Khổ A5 Bằng Da PU Chống Trượt Tiện Dụng,2.20E+11,Normal Product,0_385081760362749_1,Văn Phòng Phẩm,Thiết Bị Trường Học,Dụng Cụ Lưu Trữ Giấy Tờ,180599,1,XTRA Comm,,157207,,6.00%,9432.42,4.50%,7074.315,16506.735,18858.84,14144.13,33002.97,,0,0.00%,0,100.00%,33002.97,Đang chờ xử lý,"Trạng thái của sản phẩm đang chờ xử lý, hoa hồng sẽ chỉ được thanh toán khi nó được hoàn thành",Đơn hàng từ các Shop khác nhau,Đã tồn tại,CB2_1_20251103230539,,,,,Facebook
251029CNCEDNCF,Đang chờ xử lý,2.15E+14,10/29/2025 18:08,,10/29/2025 8:47,YY HOME-2.vn,181845402,C2C(CB),19667415675,Bìa Kẹp Tài Liệu Khổ A5 Bằng Da PU Chống Trượt Tiện Dụng,2.20E+11,Normal Product,0_385081760362749_1,Văn Phòng Phẩm,Thiết Bị Trường Học,Dụng Cụ Lưu Trữ Giấy Tờ,180599,1,XTRA Comm,,157107,,6.00%,9426.42,4.50%,7069.815,16496.235,0,0,0,,0,0.00%,0,100.00%,0,Đang chờ xử lý,"Trạng thái của sản phẩm đang chờ xử lý, hoa hồng sẽ chỉ được thanh toán khi nó được hoàn thành",Đơn hàng từ các Shop khác nhau,Đã tồn tại,CB2_1_20251103230539,,,,,Facebook
251029CM5Y9B04,Đang chờ xử lý,2.15E+14,10/29/2025 17:46,,10/29/2025 9:36,lethanh.vn,117241758,Preferred(Non-CB),4448104085,"Xốp cách nhiệt 3MM/5MM - Tấm xốp bạc chống nóng (Khổ 1m/ Khổ 1.3m, bán theo mét dài)",2.44E+11,Normal Product,,Nhà cửa & Đời sống,Dụng cụ & Thiết bị tiện ích,Khác,15500,1,Shopee Comm,,15500,,6.00%,930,0.00%,0,930,930,0,930,,0,0.00%,0,100.00%,930,Đang chờ xử lý,"Trạng thái của sản phẩm đang chờ xử lý, hoa hồng sẽ chỉ được thanh toán khi nó được hoàn thành",Đơn hàng từ các Shop khác nhau,Đã tồn tại,CB2_1_20251103230539,,,,,Facebook
251029CK3X5T5Q,Đang chờ xử lý,2.15E+14,10/29/2025 17:27,,10/29/2025 17:25,MOUSSON,965910839,Shopee Mall(CB),22166005306,MOUSSON Túi Đeo Vai Thời Trang Nữ MOUSSON Túi Mesenger Trong Suốt,1.38E+11,Normal Product,,Túi Ví Nữ,Túi đeo chéo & Túi đeo vai,,125280,1,XTRA Comm,,112752,,6.00%,6765.12,2.00%,2255.04,9020.16,6765.12,2255.04,9020.16,,0,0.00%,0,100.00%,9020.16,Đang chờ xử lý,"Trạng thái của sản phẩm đang chờ xử lý, hoa hồng sẽ chỉ được thanh toán khi nó được hoàn thành",Đơn hàng từ các Shop khác nhau,Đã tồn tại,CB2_1_20251103230539,,,,,Facebook
251029CJQ7VK7E,Đang chờ xử lý,2.15E+14,10/29/2025 17:20,,10/29/2025 10:06,TrailTop.VN.,1537983595,C2C(Non-CB),27490238095,【COD】Trailtop Thảm Tập Gym Thảm Tập Yoga 8mm-10mm Siêu Dày NBR Chống Trượt Tập Thể Dục Tại Nhà,99870390531,Normal Product,,Thể Thao & Dã Ngoại,Dụng Cụ Thể Thao & Dã Ngoại,Yoga & Pilates,109000,1,XTRA Comm,,99000,,6.00%,5940,3.00%,2970,8910,5940,2970,8910,,0,0.00%,0,100.00%,8910,Đang chờ xử lý,"Trạng thái của sản phẩm đang chờ xử lý, hoa hồng sẽ chỉ được thanh toán khi nó được hoàn thành",Đơn hàng từ các Shop khác nhau,Đã tồn tại,CB2_1_20251103230539,,,,,Facebook
251029CHYC14RJ,Đang chờ xử lý,2.15E+14,10/29/2025 17:07,,10/29/2025 9:05,Shop Giá Sỉ - Bán Lẻ Giá Sỉ,12325354,C2C(Non-CB),25570687952,Sữa Tắm Nước Hoa VICTORIA Beautyful Spring 295ml Cho Nữ Và Nam,1.97E+11,Normal Product,,Sắc Đẹp,Tắm & chăm sóc cơ thể,Xà phòng & sữa tắm,28849,1,XTRA Comm,,25965,,6.00%,1557.9,1.00%,259.65,1817.55,1557.9,259.65,1817.55,,0,0.00%,0,100.00%,1817.55,Đang chờ xử lý,"Trạng thái của sản phẩm đang chờ xử lý, hoa hồng sẽ chỉ được thanh toán khi nó được hoàn thành",Đơn hàng từ các Shop khác nhau,Đã tồn tại,CB2_1_20251103230539,,,,,Facebook
251029CHYC14RH,Đang chờ xử lý,2.15E+14,10/29/2025 17:07,,10/29/2025 9:05,Gạo Sạch Hà Biên,828544388,C2C(Non-CB),24671796008,5KG Lài Miên Campuchia Nội Địa,2.56E+11,Normal Product,,Thực phẩm và đồ uống,Nhu yếu phẩm,Gạo,84000,1,XTRA Comm,,75599,,6.00%,4535.94,1.50%,1133.985,5669.925,4535.94,1133.985,5669.925,,0,0.00%,0,100.00%,5669.925,Đang chờ xử lý,"Trạng thái của sản phẩm đang chờ xử lý, hoa hồng sẽ chỉ được thanh toán khi nó được hoàn thành",Đơn hàng từ các Shop khác nhau,Đã tồn tại,CB2_1_20251103230539,,,,,Facebook
251029CHFHMH10,Đang chờ xử lý,2.15E+14,10/29/2025 16:58,,10/28/2025 1:41,TW Mall - Hàng Đài Loan,20699789,Preferred(Non-CB),407083582,(BAO BÌ MỚI 2024- hsd 22/4/2027) 45 gói Trà sữa Mr Brown Đài Loan - Tw Mall,63970651677,Normal Product,,Thực phẩm và đồ uống,Đồ uống,Trà & trà túi lọc,310000,1,XTRA Comm,,279000,,6.00%,16740,5.00%,13950,30690,16740,13950,30690,,0,0.00%,0,100.00%,30690,Đang chờ xử lý,"Trạng thái của sản phẩm đang chờ xử lý, hoa hồng sẽ chỉ được thanh toán khi nó được hoàn thành",Đơn hàng từ các Shop khác nhau,Đã tồn tại,CB2_1_20251103230539,,,,,Facebook
251029CGGSCEKA,Chưa thanh toán,2.15E+14,10/29/2025 16:41,,10/27/2025 16:53,Châu Store's,1225155175,Preferred(Non-CB),41822575198,"iP 6/G Full mọi chức năng, sim sóng nghe gọi, Pin dung lượng cao, kèm theo dây sạc, ốp",2.92E+11,Normal Product,,Điện Thoại & Phụ Kiện,Điện thoại,,499999,1,XTRA Comm,,424999,,0.00%,0,0.00%,0,0,0,0,0,,0,0.00%,0,100.00%,0,Chưa thanh toán,Đơn hàng chưa được thanh toán do đang chờ Người mua hoàn tất thanh toán,Đơn hàng từ các Shop khác nhau,Đã tồn tại,CB2_1_20251103230539,,,,,Others
251029CFTE4C87,Đang chờ xử lý,2.15E+14,10/29/2025 16:28,,10/29/2025 5:08,Shopee Choice Việt Nam,851157471,Preferred(Non-CB),27242899147,"[Choice] Combo 5 Túi 50 Viên Khử Mùi FM2-1069-541 Tẩy Bồn Cầu, Xả Toilet, Làm Sạch, Vệ Sinh Vết Bẩn",2.72E+11,Normal Product,,Nhà cửa & Đời sống,Dụng cụ chăm sóc nhà cửa,Chất tẩy rửa,6400,1,Shopee Comm,,6400,,6.00%,384,0.00%,0,384,384,0,384,,0,0.00%,0,100.00%,384,Đang chờ xử lý,"Trạng thái của sản phẩm đang chờ xử lý, hoa hồng sẽ chỉ được thanh toán khi nó được hoàn thành",Đơn hàng từ các Shop khác nhau,Đã tồn tại,CB2_1_20251103230539,,,,,YouTube
251029CEVAWU51,Đang chờ xử lý,2.15E+14,10/29/2025 16:11,,10/27/2025 12:06,Coolmate - Official Store,24710134,Shopee Mall(Non-CB),21195204768,Quần Jeans Basics dáng Regular Straight Coolmate,2.40E+11,Normal Product,377246083268847_0_0,Thời Trang Nam,Quần jean,,439000,1,XTRA Comm,,322870,,6.00%,19372.2,4.00%,12914.8,32287,19372.2,12914.8,32287,,0,0.00%,0,100.00%,32287,Đang chờ xử lý,"Trạng thái của sản phẩm đang chờ xử lý, hoa hồng sẽ chỉ được thanh toán khi nó được hoàn thành",Đơn hàng từ các Shop khác nhau,Đã tồn tại,CB2_1_20251103230539,,,,,Facebook
251029CEVAWU51,Đang chờ xử lý,2.15E+14,10/29/2025 16:11,,10/27/2025 12:06,Coolmate - Official Store,24710134,Shopee Mall(Non-CB),24476689401,Quần đùi mặc nhà nam kẻ sọc mềm mại thoáng mát MÀU NGẪU NHIÊN Coolmate  [ Không đổi trả ],2.66E+11,Normal Product,377246083268847_0_0,Thời Trang Nam,Quần đùi,,0,1,XTRA Comm,,0,,6.00%,0,2.50%,0,0,0,0,0,,0,0.00%,0,100.00%,0,Đang chờ xử lý,"Trạng thái của sản phẩm đang chờ xử lý, hoa hồng sẽ chỉ được thanh toán khi nó được hoàn thành",Đơn hàng từ các Shop khác nhau,Đã tồn tại,CB2_1_20251103230539,,,,,Facebook
251029CEMBATNG,Đang chờ xử lý,2.15E+14,10/29/2025 16:07,,10/28/2025 7:33,Tinh dầu Noison,39338113,Shopee Mall(Non-CB),2075102221,Tinh dầu thiên nhiên Noison 10ml | Tự chọn mùi | Có kiểm nghiệm COA,4169876285,Normal Product,,Nhà cửa & Đời sống,"Chất khử mùi, làm thơm nhà",Tinh dầu thơm,45000,1,XTRA Comm,,20000,,6.00%,1200,5.00%,1000,2200,1200,1000,2200,,0,0.00%,0,100.00%,2200,Đang chờ xử lý,"Trạng thái của sản phẩm đang chờ xử lý, hoa hồng sẽ chỉ được thanh toán khi nó được hoàn thành",Đơn hàng từ các Shop khác nhau,Đã tồn tại,CB2_1_20251103230539,,,,,Facebook
251029CED1R3N1,Đang chờ xử lý,2.15E+14,10/29/2025 16:03,,10/28/2025 21:53,wenqiasmart.vn,866946856,C2C(CB),29987945778,Công tắc điều khiển từ xa không dây đa năng 433 MHz DC 6V 12V 24V 2CH Rf Rơle và Bộ phát từ xa Nhà để xe / Cổng / Động cơ / Ánh ,2.44E+11,Normal Product,,Thiết Bị Điện Gia Dụng,Mạch điện & Phụ tùng,Công tắc,105669,2,XTRA Comm,,190204,,6.00%,11412.24,1.50%,2853.06,14265.3,11412.24,2853.06,14265.3,,0,0.00%,0,100.00%,14265.3,Đang chờ xử lý,"Trạng thái của sản phẩm đang chờ xử lý, hoa hồng sẽ chỉ được thanh toán khi nó được hoàn thành",Đơn hàng từ các Shop khác nhau,Đã tồn tại,CB2_1_20251103230539,,,,,Facebook
251029CE0N09HH,Đang chờ xử lý,2.15E+14,10/29/2025 15:56,,10/27/2025 10:53,Đồ Bầu Thỏ Trắng,46872333,C2C(Non-CB),22981744629,Quần Bầu ống Rộng mùa đông _ chất dạ  hàn loại 1 chất mềm giãn hàng đẹp dài 95cm,1.58E+11,Normal Product,,Thời Trang Nữ,Đồ Bầu,"Quần bầu, Váy bầu",134000,1,XTRA Comm,,105700,,6.00%,6342,2.50%,2642.5,8984.5,6342,2642.5,8984.5,,0,0.00%,0,100.00%,8984.5,Đang chờ xử lý,"Trạng thái của sản phẩm đang chờ xử lý, hoa hồng sẽ chỉ được thanh toán khi nó được hoàn thành",Đơn hàng từ các Shop khác nhau,Đã tồn tại,CB2_1_20251103230539,,,,,Others
251029CDUF2R8J,Đang chờ xử lý,2.15E+14,10/29/2025 15:53,,10/26/2025 8:22,hoang slingshot1,1232319944,Preferred(Non-CB),24223901911,"10 thun 0,65 latex cột dài 17cm",2.07E+11,Normal Product,,Thể Thao & Dã Ngoại,Dụng Cụ Thể Thao & Dã Ngoại,Yoga & Pilates,25000,1,Shopee Comm,,25000,,6.00%,1500,0.00%,0,1500,5940,0,5940,,0,0.00%,0,100.00%,5940,Đang chờ xử lý,"Trạng thái của sản phẩm đang chờ xử lý, hoa hồng sẽ chỉ được thanh toán khi nó được hoàn thành",Đơn hàng từ các Shop khác nhau,Đã tồn tại,CB2_1_20251103230539,,,,,Others
251029CDUF2R8J,Đang chờ xử lý,2.15E+14,10/29/2025 15:53,,10/26/2025 8:22,hoang slingshot1,1232319944,Preferred(Non-CB),25223906909,1kg ổ trục xe đạp 635-7-8,88902757785,Normal Product,,Thể Thao & Dã Ngoại,Dụng Cụ Thể Thao & Dã Ngoại,Đạp Xe,37000,2,Shopee Comm,,74000,,6.00%,4440,0.00%,0,4440,0,0,0,,0,0.00%,0,100.00%,0,Đang chờ xử lý,"Trạng thái của sản phẩm đang chờ xử lý, hoa hồng sẽ chỉ được thanh toán khi nó được hoàn thành",Đơn hàng từ các Shop khác nhau,Đã tồn tại,CB2_1_20251103230539,,,,,Others
251029CDMNM1Q9,Đang chờ xử lý,2.15E+14,10/29/2025 15:49,,10/23/2025 16:42,phonhac.vn,40482777,C2C(Non-CB),24853472398,"Củ micro từ neo db 650 pro karaoke cực hay, Đầu mic NEO chính hãng dbacoustic Phố Nhạc",39732095387,Normal Product,,Thiết Bị Âm Thanh,Micro thu âm,,239000,2,XTRA Comm,,420640,,6.00%,25238.4,3.50%,14722.4,39960.8,25238.4,14722.4,39960.8,,0,0.00%,0,100.00%,39960.8,Đang chờ xử lý,"Trạng thái của sản phẩm đang chờ xử lý, hoa hồng sẽ chỉ được thanh toán khi nó được hoàn thành",Đơn hàng từ các Shop khác nhau,Đã tồn tại,CB2_1_20251103230539,,,,,Others
251029CCTSU5V4,Đang chờ xử lý,2.15E+14,10/29/2025 15:35,,10/22/2025 21:05,Rarmed,1020953044,Preferred(Non-CB),29464205893,Bột bó thạch cao GREETMED bột bó cứng cố định xương khớp - Nhiều size,2.52E+11,Normal Product,0_340156075282643_1,Sức Khỏe,Vật tư y tế,Khác,25862,2,Shopee Comm,,47586,,6.00%,2855.16,0.00%,0,2855.16,2855.16,0,2855.16,,0,0.00%,0,100.00%,2855.16,Đang chờ xử lý,"Trạng thái của sản phẩm đang chờ xử lý, hoa hồng sẽ chỉ được thanh toán khi nó được hoàn thành",Đơn hàng từ các Shop khác nhau,Đã tồn tại,CB2_1_20251103230539,,,,,Facebook
251029CCBCSMNU,Đang chờ xử lý,2.15E+14,10/29/2025 15:26,,10/26/2025 18:10,Phân cây cảnh,85968930,Preferred(Non-CB),16213159168,(combo 10 gói) Bả trừ kiến tận gốc BTK gói 5G sạch kiến không còn con nào,1.29E+11,Normal Product,,Nhà cửa & Đời sống,Dụng cụ chăm sóc nhà cửa,Thuốc và dụng cụ diệt côn trùng,50000,1,XTRA Comm,,50000,,6.00%,3000,5.00%,2500,5500,5100,4250,9350,,0,0.00%,0,100.00%,9350,Đang chờ xử lý,"Trạng thái của sản phẩm đang chờ xử lý, hoa hồng sẽ chỉ được thanh toán khi nó được hoàn thành",Đơn hàng từ các Shop khác nhau,Đã tồn tại,CB2_1_20251103230539,,,,,Facebook
251029CCBCSMNU,Đang chờ xử lý,2.15E+14,10/29/2025 15:26,,10/26/2025 18:10,Phân cây cảnh,85968930,Preferred(Non-CB),19080810775,(combo 10 chai) Thuốc diệt kiến sinh học hiệu quả chai 10ml TOTT's fertilizer,2.76E+11,Normal Product,,Nhà cửa & Đời sống,Dụng cụ chăm sóc nhà cửa,Thuốc và dụng cụ diệt côn trùng,35000,1,XTRA Comm,,35000,,6.00%,2100,5.00%,1750,3850,0,0,0,,0,0.00%,0,100.00%,0,Đang chờ xử lý,"Trạng thái của sản phẩm đang chờ xử lý, hoa hồng sẽ chỉ được thanh toán khi nó được hoàn thành",Đơn hàng từ các Shop khác nhau,Đã tồn tại,CB2_1_20251103230539,,,,,Facebook
251029CC09Y2B6,Đang chờ xử lý,2.15E+14,10/29/2025 15:20,,10/27/2025 11:47,Chim Cá Cảnh LiHa,240059915,Preferred(Non-CB),42716082691,Rổ Đựng Trùng Chỉ INOX 304 Đủ Kích Thước Giành Cho Bể Cá,2.61E+11,Normal Product,,Chăm Sóc Thú Cưng,Phụ kiện cho thú cưng,Phụ kiện thủy sinh,45000,1,Shopee Comm,,38699,,0.00%,0,0.00%,0,0,0,0,0,,0,0.00%,0,100.00%,0,Đang chờ xử lý,"Trạng thái của sản phẩm đang chờ xử lý, hoa hồng sẽ chỉ được thanh toán khi nó được hoàn thành",Đơn hàng từ các Shop khác nhau,Đã tồn tại,CB2_1_20251103230539,,,,,EdgeBrowser
251029CC09Y2B5,Đang chờ xử lý,2.15E+14,10/29/2025 15:20,,10/27/2025 11:47,Tổng Kho Gia Dụng - TP.HCM,1228711898,Preferred(Non-CB),29904644592,"Xi Măng Dẻo, Keo Xi Măng Trắng Bít Lỗ Tường, Lỗ Điều Hoà, Khe Rãnh Chống Thoát Nhiệt Hàng Nhập Khẩu",3.06E+11,Normal Product,,Nhà cửa & Đời sống,Dụng cụ & Thiết bị tiện ích,Vật liệu xây dựng,12375,1,Ưu đãi do người bán mời,,10645,,6.00%,638.7,5.76%,613.152,1251.852,638.7,613.152,1251.852,,0,0.00%,0,100.00%,1251.852,Đang chờ xử lý,"Trạng thái của sản phẩm đang chờ xử lý, hoa hồng sẽ chỉ được thanh toán khi nó được hoàn thành",Đơn hàng từ các Shop khác nhau,Đã tồn tại,CB2_1_20251103230539,,,,,EdgeBrowser
251029CC09Y2B4,Đang chờ xử lý,2.15E+14,10/29/2025 15:20,,10/27/2025 11:47,SHIWA SHOP,280373184,Preferred(Non-CB),25522077175,"Sơn Chống Thấm Hồ Cá [HÀNG LOẠI 1], Chống Thấm Thùng Xốp, Bể Cá Xi Măng Cao Cấp An Toàn Cho Cá Shiwa",2.56E+11,Normal Product,,Chăm Sóc Thú Cưng,Phụ kiện cho thú cưng,Phụ kiện thủy sinh,62000,1,XTRA Comm,,53319,,0.00%,0,2.50%,1332.975,1332.975,0,1332.975,1332.975,,0,0.00%,0,100.00%,1332.975,Đang chờ xử lý,"Trạng thái của sản phẩm đang chờ xử lý, hoa hồng sẽ chỉ được thanh toán khi nó được hoàn thành",Đơn hàng từ các Shop khác nhau,Đã tồn tại,CB2_1_20251103230539,,,,,EdgeBrowser
251029CC09Y2B3,Đang chờ xử lý,2.15E+14,10/29/2025 15:20,,10/27/2025 11:47,tasimo,161573259,Preferred(Non-CB),7232999193,Bột Hiệu Chỉnh Bút Đo pH [Giảm giá sốc],17379358224,Normal Product,,Sức Khỏe,Vật tư y tế,Dụng cụ thí nghiệm,15000,1,XTRA Comm,,15000,,6.00%,900,1.00%,150,1050,900,150,1050,,0,0.00%,0,100.00%,1050,Đang chờ xử lý,"Trạng thái của sản phẩm đang chờ xử lý, hoa hồng sẽ chỉ được thanh toán khi nó được hoàn thành",Đơn hàng từ các Shop khác nhau,Đã tồn tại,CB2_1_20251103230539,,,,,EdgeBrowser
251029CC09Y2B2,Đang chờ xử lý,2.15E+14,10/29/2025 15:20,,10/27/2025 11:47,Best Choice,22668243,Preferred(Non-CB),265803470,"Bút Đo TDS-3 / EC Đo Nồng Độ Chất Rắn Hòa Tan Trong Nước, Kiểm Tra Nước Sạch, Đo Nhiệt Độ, Tiện Lợi",2.54E+11,Normal Product,,Nhà cửa & Đời sống,Dụng cụ & Thiết bị tiện ích,Dụng cụ,59000,1,XTRA Comm,,50739,,6.00%,3044.34,2.50%,1268.475,4312.815,3044.34,1268.475,4312.815,,0,0.00%,0,100.00%,4312.815,Đang chờ xử lý,"Trạng thái của sản phẩm đang chờ xử lý, hoa hồng sẽ chỉ được thanh toán khi nó được hoàn thành",Đơn hàng từ các Shop khác nhau,Đã tồn tại,CB2_1_20251103230539,,,,,EdgeBrowser
251029CBE0ENKD,Đang chờ xử lý,2.15E+14,10/29/2025 15:09,,10/29/2025 8:51,HV COSMETICS ,956852417,C2C(Non-CB),19382152153,[ PERFUME ] Nước Hoa Nữ Cute Bear Thơm Mát Dịu Nhẹ Tiểu Thư Đi Học Đi Làm Hẹn Hò,2.14E+11,Normal Product,,Sắc Đẹp,Nước hoa,,39999,1,Shopee Comm,,39999,,6.00%,2399.94,0.00%,0,2399.94,2399.94,0,2399.94,,0,0.00%,0,100.00%,2399.94,Đang chờ xử lý,"Trạng thái của sản phẩm đang chờ xử lý, hoa hồng sẽ chỉ được thanh toán khi nó được hoàn thành",Đơn hàng từ các Shop khác nhau,Đã tồn tại,CB2_1_20251103230539,,,,,Facebook
251029CBDH626Y,Đang chờ xử lý,2.15E+14,10/29/2025 15:09,,10/26/2025 18:00,AS TECH Công Nghiệp Kĩ Thuật,807511870,C2C(Non-CB),24026900768,"[Đơn tối thiểu 20K] Cà rá thau ren nối ren trong x ren ngoài 9.6, 13, 17, 21, 27mm",88912382153,Normal Product,,Nhà cửa & Đời sống,Dụng cụ & Thiết bị tiện ích,Khác,15800,1,Shopee Comm,,15800,,6.00%,948,0.00%,0,948,948,0,948,,0,0.00%,0,100.00%,948,Đang chờ xử lý,"Trạng thái của sản phẩm đang chờ xử lý, hoa hồng sẽ chỉ được thanh toán khi nó được hoàn thành",Đơn hàng từ các Shop khác nhau,Đã tồn tại,CB2_1_20251103230539,,,,,Facebook
251029CAAND6DB,Đang chờ xử lý,2.15E+14,10/29/2025 14:50,,10/29/2025 14:19,Bao da Ốp Lưng ĐT giá rẻ,469054424,C2C(Non-CB),16847944380,"Bao da dạng ví Samsung S25 Edge, S25 5G, S25 Plus, S25 Ultra, S22 Plus, S22 Ultra, S21 Fe hiệu Hanman ngăn đựng thẻ tiền",1.62E+11,Normal Product,,Điện Thoại & Phụ Kiện,Phụ kiện,"Vỏ bao, Ốp lưng & Miếng dán",250000,1,Shopee Comm,,230700,,6.00%,13842,0.00%,0,13842,13842,0,13842,,0,0.00%,0,100.00%,13842,Đang chờ xử lý,"Trạng thái của sản phẩm đang chờ xử lý, hoa hồng sẽ chỉ được thanh toán khi nó được hoàn thành",Đơn hàng từ các Shop khác nhau,Đã tồn tại,CB2_1_20251103230539,,,,,Facebook
251029C9RU3JFU,Đang chờ xử lý,2.15E+14,10/29/2025 14:40,,10/27/2025 10:55,AKAMINOW,113413980,Preferred(Non-CB),17330029162,20 Túi OPP bọc bảo quản sách truyện NOKISHI phù hợp với mọi sách và truyện tranh,1.45E+11,Normal Product,,Văn Phòng Phẩm,Sổ & Giấy Các Loại,Bọc Sách,27599,1,XTRA Comm,,23768,,6.00%,1426.08,1.00%,237.68,1663.76,3344.76,557.46,3902.22,,0,0.00%,0,100.00%,3902.22,Đang chờ xử lý,"Trạng thái của sản phẩm đang chờ xử lý, hoa hồng sẽ chỉ được thanh toán khi nó được hoàn thành",Đơn hàng từ các Shop khác nhau,Đã tồn tại,CB2_1_20251103230539,,,,,Facebook
251029C9RU3JFU,Đang chờ xử lý,2.15E+14,10/29/2025 14:40,,10/27/2025 10:55,AKAMINOW,113413980,Preferred(Non-CB),17330029162,20 Túi OPP bọc bảo quản sách truyện NOKISHI phù hợp với mọi sách và truyện tranh,1.53E+11,Normal Product,,Văn Phòng Phẩm,Sổ & Giấy Các Loại,Bọc Sách,11999,1,XTRA Comm,,10489,,6.00%,629.34,1.00%,104.89,734.23,0,0,0,,0,0.00%,0,100.00%,0,Đang chờ xử lý,"Trạng thái của sản phẩm đang chờ xử lý, hoa hồng sẽ chỉ được thanh toán khi nó được hoàn thành",Đơn hàng từ các Shop khác nhau,Đã tồn tại,CB2_1_20251103230539,,,,,Facebook
251029C9RU3JFU,Đang chờ xử lý,2.15E+14,10/29/2025 14:40,,10/27/2025 10:55,AKAMINOW,113413980,Preferred(Non-CB),6408577155,Cốc Cắm Bút 9172 Deli,42111825100,Normal Product,,Văn Phòng Phẩm,Thiết Bị Trường Học,Hộp Bút,25000,1,XTRA Comm,,21489,,6.00%,1289.34,1.00%,214.89,1504.23,0,0,0,,0,0.00%,0,100.00%,0,Đang chờ xử lý,"Trạng thái của sản phẩm đang chờ xử lý, hoa hồng sẽ chỉ được thanh toán khi nó được hoàn thành",Đơn hàng từ các Shop khác nhau,Đã tồn tại,CB2_1_20251103230539,,,,,Facebook
251029C9EVK766,Đang chờ xử lý,2.15E+14,10/29/2025 14:34,,10/26/2025 8:54,MAINIA-Bigsize Queen of Night,156561128,Preferred(Non-CB),26907808736,"[ CÓ BIGSIZE XL 2XL , Hàng Đẹp Loại 1 ] Váy Ngủ Lụa Trơn Viền Ren 1538 MAINIA STORE là",1.09E+11,Normal Product,,Thời Trang Nữ,Đồ ngủ,Váy ngủ,159000,1,Shopee Comm,,143100,,6.00%,8586,0.00%,0,8586,8586,0,8586,,0,0.00%,0,100.00%,8586,Đang chờ xử lý,"Trạng thái của sản phẩm đang chờ xử lý, hoa hồng sẽ chỉ được thanh toán khi nó được hoàn thành",Đơn hàng từ các Shop khác nhau,Đã tồn tại,CB2_1_20251103230539,,,,,Others
251029C9BGRCHM,Đang chờ xử lý,2.15E+14,10/29/2025 14:32,,10/27/2025 8:25,BIRD FOOD STORE,113858653,Preferred(Non-CB),28200979051,"Xích Chân Gà Rừng Mồi, Gà Tre, Gà Đá Loại Lớn Siêu Bền",2.05E+11,Normal Product,,Chăm Sóc Thú Cưng,Phụ kiện cho thú cưng,"Vòng cổ, dây dắt & rọ mõm",19000,2,Shopee Comm,,38000,,0.00%,0,0.00%,0,0,0,0,0,,0,0.00%,0,100.00%,0,Đang chờ xử lý,"Trạng thái của sản phẩm đang chờ xử lý, hoa hồng sẽ chỉ được thanh toán khi nó được hoàn thành",Đơn hàng từ các Shop khác nhau,Đã tồn tại,CB2_1_20251103230539,,,,,Others
251029C90Y5GMA,Đang chờ xử lý,2.15E+14,10/29/2025 14:26,,10/29/2025 11:35,Thúy Luật Tây Bắc,1103612870,C2C(Non-CB),43874254312,5kg sâm đất size to ngon 2-4 củ 1kg để càng lâu càng ngọt,2.72E+11,Normal Product,,Thực phẩm và đồ uống,Thực phẩm tươi sống & đông lạnh,Rau củ,99000,1,Shopee Comm,,99000,,6.00%,5940,0.00%,0,5940,5940,0,5940,,0,0.00%,0,100.00%,5940,Đang chờ xử lý,"Trạng thái của sản phẩm đang chờ xử lý, hoa hồng sẽ chỉ được thanh toán khi nó được hoàn thành",Đơn hàng từ các Shop khác nhau,Đã tồn tại,CB2_1_20251103230539,,,,,Facebook
251029C8MCR7QQ,Đang chờ xử lý,2.15E+14,10/29/2025 14:19,,10/27/2025 8:02,Đồ làm bánh Hellamart Tân bình,1261460242,C2C(Non-CB),29950449169,Nước đường làm bánh trung thu hiệu Chu Thanh Thơ,2.46E+11,Normal Product,,Thực phẩm và đồ uống,Nguyên liệu nấu ăn,Đường,155000,1,Shopee Comm,,131750,,6.00%,7905,0.00%,0,7905,7905,0,7905,,0,0.00%,0,100.00%,7905,Đang chờ xử lý,"Trạng thái của sản phẩm đang chờ xử lý, hoa hồng sẽ chỉ được thanh toán khi nó được hoàn thành",Đơn hàng từ các Shop khác nhau,Đã tồn tại,CB2_1_20251103230539,,,,,Facebook
251029C8MCR7QP,Đang chờ xử lý,2.15E+14,10/29/2025 14:19,,10/27/2025 8:02,PHƯƠNG VIÊN FOODS,3077832,Preferred(Non-CB),25664551189,"1kg nhân dứa / thơm sên sẵn làm nhân bánh dứa, bánh kem...giao hỏa tốc hcm",1.57E+11,Normal Product,,Thực phẩm và đồ uống,Đồ làm bánh,Khác,147900,1,Shopee Comm,,125715,,6.00%,7542.9,0.00%,0,7542.9,7542.9,0,7542.9,,0,0.00%,0,100.00%,7542.9,Đang chờ xử lý,"Trạng thái của sản phẩm đang chờ xử lý, hoa hồng sẽ chỉ được thanh toán khi nó được hoàn thành",Đơn hàng từ các Shop khác nhau,Đã tồn tại,CB2_1_20251103230539,,,,,Facebook
251029C8H9GTKG,Đang chờ xử lý,2.15E+14,10/29/2025 14:18,,10/28/2025 11:25,tiemnhaPai,450274043,C2C(Non-CB),8276168410,Combo 50 Hộp nhựa Pet nắp cầu đựng bánh trung thu 50- 80gr,36340380439,Normal Product,,Nhà cửa & Đời sống,Dụng cụ nhà bếp,Dụng cụ nướng & trang trí bánh,62000,1,Shopee Comm,,55180,,6.00%,3310.8,0.00%,0,3310.8,3310.8,0,3310.8,,0,0.00%,0,100.00%,3310.8,Đang chờ xử lý,"Trạng thái của sản phẩm đang chờ xử lý, hoa hồng sẽ chỉ được thanh toán khi nó được hoàn thành",Đơn hàng từ các Shop khác nhau,Đã tồn tại,CB2_1_20251103230539,,,,,Facebook
251029C87U8PV1,Đang chờ xử lý,2.15E+14,10/29/2025 14:12,,10/24/2025 21:21,"Shop Đồ Bầu, Sau Sinh",114056815,Preferred(Non-CB),1745212270,Quần lót bầu cạp chéo thông hơi Mùa Hè có size từ 43kg đến bigsize 80kg - 𝐐𝐋𝟎𝟑,4.05E+11,Normal Product,,Thời Trang Nữ,Đồ lót,Quần lót,145500,2,XTRA Comm,,267720,,6.00%,16063.2,2.50%,6693,22756.2,16063.2,6693,22756.2,,0,0.00%,0,100.00%,22756.2,Đang chờ xử lý,"Trạng thái của sản phẩm đang chờ xử lý, hoa hồng sẽ chỉ được thanh toán khi nó được hoàn thành",Đơn hàng từ các Shop khác nhau,Đã tồn tại,CB2_1_20251103230539,,,,,Others
251029C7R4P8NK,Đang chờ xử lý,2.15E+14,10/29/2025 14:04,,10/28/2025 16:08,GIMME TEE,1005246820,Preferred(Non-CB),28441453314,Áo Thun Tay Dài Form Boxy Cotton Xịn - BST GẤU  - Premium Cotton 250gsm - Áo Longsleev Boxy Unisex - GMTD7,3.02E+11,Normal Product,,Thời Trang Nữ,Áo,Áo thun,159900,1,Shopee Comm,,137514,,6.00%,8250.84,0.00%,0,8250.84,8250.84,0,8250.84,,0,0.00%,0,100.00%,8250.84,Đang chờ xử lý,"Trạng thái của sản phẩm đang chờ xử lý, hoa hồng sẽ chỉ được thanh toán khi nó được hoàn thành",Đơn hàng từ các Shop khác nhau,Đã tồn tại,CB2_1_20251103230539,,,,,Others
251029C71X5UT4,Đang chờ xử lý,2.15E+14,10/29/2025 13:51,,10/26/2025 10:56,Đồ Câu Thuỷ Giá Rẻ Uy tín,251076047,Preferred(Non-CB),29366531298,Ghim Xốp Cuốn Trục Cố Định Dây Trục (Túi 50c),1.88E+11,Normal Product,,Thể Thao & Dã Ngoại,Dụng Cụ Thể Thao & Dã Ngoại,Câu Cá,15000,1,Shopee Comm,,13800,,6.00%,828,0.00%,0,828,4140,0,4140,,0,0.00%,0,100.00%,4140,Đang chờ xử lý,"Trạng thái của sản phẩm đang chờ xử lý, hoa hồng sẽ chỉ được thanh toán khi nó được hoàn thành",Đơn hàng từ các Shop khác nhau,Đã tồn tại,CB2_1_20251103230539,,,,,Facebook
251029C71X5UT4,Đang chờ xử lý,2.15E+14,10/29/2025 13:51,,10/26/2025 10:56,Đồ Câu Thuỷ Giá Rẻ Uy tín,251076047,Preferred(Non-CB),22064546156,"Túm 100 Hạt Chặn Silicon Cao Cấp, Hạt Chặn Phao Câu Đài, Chặn Phao Câu Cá",2.27E+11,Normal Product,,Thể Thao & Dã Ngoại,Dụng Cụ Thể Thao & Dã Ngoại,Câu Cá,25000,1,Shopee Comm,,23000,,6.00%,1380,0.00%,0,1380,0,0,0,,0,0.00%,0,100.00%,0,Đang chờ xử lý,"Trạng thái của sản phẩm đang chờ xử lý, hoa hồng sẽ chỉ được thanh toán khi nó được hoàn thành",Đơn hàng từ các Shop khác nhau,Đã tồn tại,CB2_1_20251103230539,,,,,Facebook
251029C71X5UT4,Đang chờ xử lý,2.15E+14,10/29/2025 13:51,,10/26/2025 10:56,Đồ Câu Thuỷ Giá Rẻ Uy tín,251076047,Preferred(Non-CB),28811805979,(Combo 20c)Xốp Cuốn Trục Câu Đài Giá Rẻ Chất Lượng Tặng Ghim,2.57E+11,Normal Product,,Thể Thao & Dã Ngoại,Dụng Cụ Thể Thao & Dã Ngoại,Câu Cá,35000,1,Shopee Comm,,32200,,6.00%,1932,0.00%,0,1932,0,0,0,,0,0.00%,0,100.00%,0,Đang chờ xử lý,"Trạng thái của sản phẩm đang chờ xử lý, hoa hồng sẽ chỉ được thanh toán khi nó được hoàn thành",Đơn hàng từ các Shop khác nhau,Đã tồn tại,CB2_1_20251103230539,,,,,Facebook
251029C70BKVYA,Đang chờ xử lý,2.15E+14,10/29/2025 13:50,,10/29/2025 10:04,BIG_MART.888-TỔNG KHO MIỀN BẮC,49559490,Preferred(Non-CB),26166267305,"Túi Vải Bạt Đựng Đồ Siêu To Chống Ẩm Mốc, Chống Thấm Nước Có Khóa Kéo Tiện Dụng",2.53E+11,Normal Product,,Nhà cửa & Đời sống,Sắp xếp nhà cửa,"Hộp đựng, giỏ đựng đồ",26000,2,XTRA Comm,,52000,,6.00%,3120,1.00%,520,3640,3120,520,3640,,0,0.00%,0,100.00%,3640,Đang chờ xử lý,"Trạng thái của sản phẩm đang chờ xử lý, hoa hồng sẽ chỉ được thanh toán khi nó được hoàn thành",Đơn hàng từ các Shop khác nhau,Đã tồn tại,CB2_1_20251103230539,,,,,Others
251029C6JAFFYM,Đang chờ xử lý,2.15E+14,10/29/2025 13:42,,10/27/2025 21:17,Dexi - Đồ trang trí nhà cửa,141042309,Preferred(Non-CB),10772933489,"Đèn Ngủ Mini Cảm Ứng Ánh Sáng Tự Động Bật Tắt Tiết Kiệm Điện, Bóng Ngủ LED Cắm Điện Decor Phòng Ngủ",2.87E+11,Normal Product,,Nhà cửa & Đời sống,Đèn,,49000,1,Ưu đãi do người bán mời,,49000,,6.00%,2940,5.00%,2450,5390,2940,2450,5390,,0,0.00%,0,100.00%,5390,Đang chờ xử lý,"Trạng thái của sản phẩm đang chờ xử lý, hoa hồng sẽ chỉ được thanh toán khi nó được hoàn thành",Đơn hàng từ các Shop khác nhau,Đã tồn tại,CB2_1_20251103230539,,,,,Facebook
251029C6HV5HWK,Đang chờ xử lý,2.15E+14,10/29/2025 13:42,,10/29/2025 11:21,VẬT LIỆU NHA KHOA TÂN BÌNH .,1248912941,C2C(Non-CB),24528523470,Ly Giấy Vietcup 6Oz 180ml-Cốc uống nước không nắp,1.68E+11,Normal Product,,Nhà cửa & Đời sống,Trang trí tiệc tùng,"Chén, đĩa dùng một lần",25500,4,Shopee Comm,,90780,,6.00%,5446.8,0.00%,0,5446.8,5446.8,0,5446.8,,0,0.00%,0,100.00%,5446.8,Đang chờ xử lý,"Trạng thái của sản phẩm đang chờ xử lý, hoa hồng sẽ chỉ được thanh toán khi nó được hoàn thành",Đơn hàng từ các Shop khác nhau,Đã tồn tại,CB2_1_20251103230539,,,,,Facebook
251029C4TMYKXW,Đang chờ xử lý,2.15E+14,10/29/2025 13:11,,10/23/2025 15:06,ngmay.vn,1230437295,C2C(CB),24473528628,Kính Đọc Sách Nửa Khung Kim Loại HD TR90 Kính Mắt Viễn Thị Nam Kinh Doanh Kính Mắt Diopter 0 + 1.0 + 1.5 + 2.0 + 2.5 + 3.0 + 3.5,2.56E+11,Normal Product,,Phụ Kiện Thời Trang,Kính mắt,Gọng kính,64600,1,XTRA Comm,,64600,,6.00%,3876,2.50%,1615,5491,3876,1615,5491,,0,0.00%,0,100.00%,5491,Đang chờ xử lý,"Trạng thái của sản phẩm đang chờ xử lý, hoa hồng sẽ chỉ được thanh toán khi nó được hoàn thành",Đơn hàng từ các Shop khác nhau,Đã tồn tại,CB2_1_20251103230539,,,,,Others
251029C4KD6QU1,Đang chờ xử lý,2.15E+14,10/29/2025 13:07,,10/29/2025 11:42,Đồ lưu niệm Hàn Quốc,170691103,C2C(Non-CB),2801711269,Áo Harry Potter ảnh thật kèm cà vạt,6935833569,Normal Product,,Thời Trang Nam,Đồ hóa trang,,250000,1,Shopee Comm,,225000,,6.00%,13500,0.00%,0,13500,13500,0,13500,,0,0.00%,0,100.00%,13500,Đang chờ xử lý,"Trạng thái của sản phẩm đang chờ xử lý, hoa hồng sẽ chỉ được thanh toán khi nó được hoàn thành",Đơn hàng từ các Shop khác nhau,Đã tồn tại,CB2_1_20251103230539,,,,,Facebook
251029C46FAVPT,Đang chờ xử lý,2.15E+14,10/29/2025 13:00,,10/27/2025 11:00,Nga My JSC,286049684,C2C(Non-CB),5544960481,Tinh Dầu Thơm Phòng Nga My JSC Thiên Nhiên Nguyên Chất Nhiều Mùi 10ml Đuổi Muỗi Khử Mùi Thơm Phòng,1.17E+11,Normal Product,,Nhà cửa & Đời sống,"Chất khử mùi, làm thơm nhà",Tinh dầu thơm,28997,1,XTRA Comm,,22970,,6.00%,1378.2,5.00%,1148.5,2526.7,3696.54,3080.45,6776.99,,0,0.00%,0,100.00%,6776.99,Đang chờ xử lý,"Trạng thái của sản phẩm đang chờ xử lý, hoa hồng sẽ chỉ được thanh toán khi nó được hoàn thành",Đơn hàng từ các Shop khác nhau,Đã tồn tại,CB2_1_20251103230539,,,,,Facebook
251029C46FAVPT,Đang chờ xử lý,2.15E+14,10/29/2025 13:00,,10/27/2025 11:00,Nga My JSC,286049684,C2C(Non-CB),12522885655,Tinh Dầu Thơm Phòng Trà Trắng Nga My JSC Thơm Phòng Giúp Giảm Căng Thẳng Mệt Mỏi,37464103625,Normal Product,,Nhà cửa & Đời sống,"Chất khử mùi, làm thơm nhà",Tinh dầu thơm,49000,1,XTRA Comm,,38639,,6.00%,2318.34,5.00%,1931.95,4250.29,0,0,0,,0,0.00%,0,100.00%,0,Đang chờ xử lý,"Trạng thái của sản phẩm đang chờ xử lý, hoa hồng sẽ chỉ được thanh toán khi nó được hoàn thành",Đơn hàng từ các Shop khác nhau,Đã tồn tại,CB1_2_20251103230605,,,,,Facebook
251029C3XHPVYF,Đang chờ xử lý,2.15E+14,10/29/2025 12:56,,10/29/2025 12:07,BANOBAGI OFFICIAL STORE,1452048995,Shopee Mall(Non-CB),28126567025,COMBO 10 Miếng Mặt Nạ BANOBAGI Super Collagen Dưỡng Da Chuyên Sâu Dành Cho Mọi Loại Da 30ml,2.95E+11,Normal Product,,Sắc Đẹp,Chăm sóc da mặt,Mặt nạ,189000,1,XTRA Comm,,138159,,6.00%,8289.54,2.50%,3453.975,11743.515,8289.54,3453.975,11743.515,,0,0.00%,0,100.00%,11743.515,Đang chờ xử lý,"Trạng thái của sản phẩm đang chờ xử lý, hoa hồng sẽ chỉ được thanh toán khi nó được hoàn thành",Đơn hàng từ các Shop khác nhau,Đã tồn tại,CB1_2_20251103230605,,,,,Facebook
251029C3VDYYRY,Đang chờ xử lý,2.15E+14,10/29/2025 12:54,,10/27/2025 3:12,HelloKids Shop,1128348715,Preferred(Non-CB),41105687634,Áo Dài Cho Bé Trai Chất Liệu Gâm Thọ Dơi  Kèm Charm  Cao Cấp Sang Chảnh,2.60E+11,Normal Product,,Thời trang trẻ em & trẻ sơ sinh,Quần áo bé trai,Com lê & đồ bộ,229000,1,XTRA Comm,,183200,,0.00%,0,3.00%,5496,5496,0,5496,5496,,0,0.00%,0,100.00%,5496,Đang chờ xử lý,"Trạng thái của sản phẩm đang chờ xử lý, hoa hồng sẽ chỉ được thanh toán khi nó được hoàn thành",Đơn hàng từ các Shop khác nhau,Đã tồn tại,CB1_2_20251103230605,,,,,Others
251029C3TGX2VR,Đang chờ xử lý,2.15E+14,10/29/2025 12:53,,10/28/2025 11:47,Bunkids Sơ sinh Mẹ Bé Việt Nam,14764923,Preferred(Non-CB),15908768336,Lót Thay Bỉm Cho Bé / Lót Chống Thấm 2 Mặt Chất liệu Polyester Không Thấm Nước poly ( màu ngẫu nhiên ),2.51E+11,Normal Product,,Mẹ & Bé,Tã & bô em bé,Bộ lót thay tã,50000,1,Shopee Comm,,46000,,6.00%,2760,0.00%,0,2760,2760,0,2760,,0,0.00%,0,100.00%,2760,Đang chờ xử lý,"Trạng thái của sản phẩm đang chờ xử lý, hoa hồng sẽ chỉ được thanh toán khi nó được hoàn thành",Đơn hàng từ các Shop khác nhau,Đã tồn tại,CB1_2_20251103230605,,,,,Facebook
251029C3PQU6JC,Đang chờ xử lý,2.15E+14,10/29/2025 12:51,,10/28/2025 23:00,kata,70912824,Preferred(Non-CB),27712117274,"Tất ren trắng buộc ruy băng KATA,tất quá đầu gối lolita dễ thương 12629",1.77E+11,Normal Product,,Thời Trang Nữ,Vớ/ Tất,Tất,76000,1,Shopee Comm,,64091,,6.00%,3845.46,0.00%,0,3845.46,3845.46,0,3845.46,,0,0.00%,0,100.00%,3845.46,Đang chờ xử lý,"Trạng thái của sản phẩm đang chờ xử lý, hoa hồng sẽ chỉ được thanh toán khi nó được hoàn thành",Đơn hàng từ các Shop khác nhau,Đã tồn tại,CB1_2_20251103230605,,,,,Facebook
251029C3M7PVM0,Đang chờ xử lý,2.15E+14,10/29/2025 12:50,,10/24/2025 10:50,Homebox - Thế Giới Tiện Ích,534730986,Preferred(Non-CB),23760107521,"Cây Lau Bàn Bếp Tự Vắt Mini Đa Năng Bọt Biển Thấm Hút Thông Minh, Dụng Cụ Lau Dọn Gấp Gọn",1.76E+11,Normal Product,,Nhà cửa & Đời sống,Dụng cụ chăm sóc nhà cửa,Bàn chải vệ sinh,26000,1,XTRA Comm,,20794,,6.00%,1247.64,7.50%,1559.55,2807.19,2495.28,3119.1,5614.38,,0,0.00%,0,100.00%,5614.38,Đang chờ xử lý,"Trạng thái của sản phẩm đang chờ xử lý, hoa hồng sẽ chỉ được thanh toán khi nó được hoàn thành",Đơn hàng từ các Shop khác nhau,Đã tồn tại,CB1_2_20251103230605,,,,,Others
251029C3M7PVM0,Đang chờ xử lý,2.15E+14,10/29/2025 12:50,,10/24/2025 10:50,Homebox - Thế Giới Tiện Ích,534730986,Preferred(Non-CB),25301719761,"Khăn Ủ Tóc Chùm Đầu Cotton Mềm Mại, Mũ Ủ Tóc Thoáng Khí Chống Trượt Dùng Sau Gội Chuyên Dùng Salon",2.22E+11,Normal Product,,Nhà cửa & Đời sống,Đồ dùng phòng tắm,"Khăn mặt, khăn tắm, áo choàng tắm",26000,1,XTRA Comm,,20794,,6.00%,1247.64,7.50%,1559.55,2807.19,0,0,0,,0,0.00%,0,100.00%,0,Đang chờ xử lý,"Trạng thái của sản phẩm đang chờ xử lý, hoa hồng sẽ chỉ được thanh toán khi nó được hoàn thành",Đơn hàng từ các Shop khác nhau,Đã tồn tại,CB1_2_20251103230605,,,,,Others
251029C3M7PVKY,Đang chờ xử lý,2.15E+14,10/29/2025 12:50,,10/24/2025 10:50,Homebox - Thế Giới Tiện Ích,534730986,Preferred(Non-CB),16194302064,"Cây Chà Sàn Nhà Tắm Đa Năng 2 Trong 1, Chổi Cọ Sàn Gạt Nước Phòng Tắm Nhà Vệ Sinh Lau Kính Tiện Dụng",2.22E+11,Normal Product,,Nhà cửa & Đời sống,Dụng cụ chăm sóc nhà cửa,Bàn chải vệ sinh,28000,1,XTRA Comm,,27779,,6.00%,1666.74,7.50%,2083.425,3750.165,1666.74,2083.425,3750.165,,0,0.00%,0,100.00%,3750.165,Đang chờ xử lý,"Trạng thái của sản phẩm đang chờ xử lý, hoa hồng sẽ chỉ được thanh toán khi nó được hoàn thành",Đơn hàng từ các Shop khác nhau,Đã tồn tại,CB1_2_20251103230605,,,,,Others
251029C25Q1RU5,Đang chờ xử lý,2.15E+14,10/29/2025 12:24,,10/28/2025 14:56,Thiên Long Official Miền Trung,367619913,Shopee Mall(Non-CB),19752124223,Vở vẽ A4 Thiên Long Điểm 10 TP-SKB005,1.27E+11,Normal Product,,Văn Phòng Phẩm,Họa cụ,Sổ vẽ phác thảo,18750,1,XTRA Comm,,18750,,6.00%,1125,5.00%,937.5,2062.5,3012,2510,5522,,0,0.00%,0,100.00%,5522,Đang chờ xử lý,"Trạng thái của sản phẩm đang chờ xử lý, hoa hồng sẽ chỉ được thanh toán khi nó được hoàn thành",Đơn hàng từ các Shop khác nhau,Đã tồn tại,CB1_2_20251103230605,,,,,Facebook
251029C25Q1RU5,Đang chờ xử lý,2.15E+14,10/29/2025 12:24,,10/28/2025 14:56,Thiên Long Official Miền Trung,367619913,Shopee Mall(Non-CB),22237442620,Combo Bút Bi Thiên Long TL-093 đầu bị 0.6mm,2.14E+11,Normal Product,,Văn Phòng Phẩm,Bút Các Loại,Bút & Mực,16500,1,XTRA Comm,,16500,,6.00%,990,5.00%,825,1815,0,0,0,,0,0.00%,0,100.00%,0,Đang chờ xử lý,"Trạng thái của sản phẩm đang chờ xử lý, hoa hồng sẽ chỉ được thanh toán khi nó được hoàn thành",Đơn hàng từ các Shop khác nhau,Đã tồn tại,CB1_2_20251103230605,,,,,Facebook
251029C25Q1RU5,Đang chờ xử lý,2.15E+14,10/29/2025 12:24,,10/28/2025 14:56,Thiên Long Official Miền Trung,367619913,Shopee Mall(Non-CB),24833346409,"Combo 5/10/20 Bút bi, bút nến Thiên Long TL-019 ngòi 0.6mm, mực xanh/đen, nét viết trơn êm, phù hợp cho tốc kí",2.56E+11,Normal Product,,Văn Phòng Phẩm,Bút Các Loại,Bút & Mực,14950,1,XTRA Comm,,14950,,6.00%,897,5.00%,747.5,1644.5,0,0,0,,0,0.00%,0,100.00%,0,Đang chờ xử lý,"Trạng thái của sản phẩm đang chờ xử lý, hoa hồng sẽ chỉ được thanh toán khi nó được hoàn thành",Đơn hàng từ các Shop khác nhau,Đã tồn tại,CB1_2_20251103230605,,,,,Facebook
251029C1WHPJ49,Đang chờ xử lý,2.15E+14,10/29/2025 12:19,,10/29/2025 12:14,Paradise_Food,1027038105,Preferred(Non-CB),23672646658,"Xốt Chanh Leo Paradise 330ml- Trộn salad và các món hải sản (Cá hồi, Tôm,...)",1.29E+11,Normal Product,,Thực phẩm và đồ uống,Nguyên liệu nấu ăn,Gia vị & Hương liệu,98000,1,XTRA Comm,,88200,,6.00%,5292,6.00%,5292,10584,5292,5292,10584,,0,0.00%,0,100.00%,10584,Đang chờ xử lý,"Trạng thái của sản phẩm đang chờ xử lý, hoa hồng sẽ chỉ được thanh toán khi nó được hoàn thành",Đơn hàng từ các Shop khác nhau,Đã tồn tại,CB1_2_20251103230605,,,,,Facebook
251029C1P2BYF5,Đang chờ xử lý,2.15E+14,10/29/2025 12:15,,10/29/2025 8:41,zhuoxiaojie8.vn,301856286,C2C(CB),41967885984,"Áo sơ mi cổ chữ V Hàn Quốc màu xám, tay dài, zipper phía sau - Phong cách thời trang thu đông",2.66E+11,Normal Product,,Thời Trang Nữ,Bộ,Đồ lẻ,669600,1,XTRA Comm,,580448,,6.00%,34826.88,1.00%,5804.48,40631.36,34826.88,5804.48,40631.36,,0,0.00%,0,100.00%,40631.36,Đang chờ xử lý,"Trạng thái của sản phẩm đang chờ xử lý, hoa hồng sẽ chỉ được thanh toán khi nó được hoàn thành",Đơn hàng từ các Shop khác nhau,Đã tồn tại,CB1_2_20251103230605,,,,,Facebook
251029C0VWEBRK,Đang chờ xử lý,2.15E+14,10/29/2025 12:01,,10/28/2025 12:22,Tạp hoá T&H,1100864831,C2C(Non-CB),28005635043,Mì Lẩu Jumbo Koreno Vị Bò Cay-Kim chi (100g x 80 gói),98962473126,Normal Product,,Thực phẩm và đồ uống,Đồ chế biến sẵn,Mì ăn liền,540000,1,Shopee Comm,,432000,,6.00%,25920,0.00%,0,25920,25920,0,25920,,0,0.00%,0,100.00%,25920,Đang chờ xử lý,"Trạng thái của sản phẩm đang chờ xử lý, hoa hồng sẽ chỉ được thanh toán khi nó được hoàn thành",Đơn hàng từ các Shop khác nhau,Đã tồn tại,CB1_2_20251103230605,,,,,Others
251029C0PSYB52,Đang chờ xử lý,2.15E+14,10/29/2025 11:58,,10/27/2025 12:53,shopHoaiDai,1261302563,Preferred(Non-CB),28333557133,Dây Kết Nối USB Bọc Dù Kết Nối Pin Quạt Áo Điều Hoà Chính Hãng,2.43E+11,Normal Product,,Điện Thoại & Phụ Kiện,Phụ kiện,Quạt USB & Quạt điện thoại,41600,3,XTRA Comm,,114816,,6.00%,6888.96,3.00%,3444.48,10333.44,6888.96,3444.48,10333.44,,0,0.00%,0,100.00%,10333.44,Đang chờ xử lý,"Trạng thái của sản phẩm đang chờ xử lý, hoa hồng sẽ chỉ được thanh toán khi nó được hoàn thành",Đơn hàng từ các Shop khác nhau,Đã tồn tại,CB1_2_20251103230605,,,,,Others
251029BXUD8BDX,Đang chờ xử lý,2.15E+14,10/29/2025 11:24,,10/26/2025 8:34,vinamilk_official,975865932,Shopee Mall(Non-CB),43757953392,5 Hộp Sữa bột Nguyên kem có đường Vinamilk Dinh Dưỡng Hộp Giấy 400g,1.99E+11,Normal Product,,Thực phẩm và đồ uống,Sữa - trứng,Sữa,443070,1,XTRA Comm,,354456,,6.00%,21267.36,1.00%,3544.56,24811.92,21267.36,3544.56,24811.92,,0,0.00%,0,100.00%,24811.92,Đang chờ xử lý,"Trạng thái của sản phẩm đang chờ xử lý, hoa hồng sẽ chỉ được thanh toán khi nó được hoàn thành",Đơn hàng từ các Shop khác nhau,Đã tồn tại,CB1_2_20251103230605,,,,,Others
251029BXNCKVSH,Đang chờ xử lý,2.15E+14,10/29/2025 11:21,,10/28/2025 11:21,Túi Gói Hàng SG - BaoBi24,189485585,Preferred(Non-CB),5804972480,"1kg túi đóng gói hàng niêm phong chống nước tự dính siêu dai túi đóng gói hàng chống bóc, tráo đổi",2.57E+11,Normal Product,,Nhà cửa & Đời sống,Dụng cụ chăm sóc nhà cửa,Túi nilon & túi rác,52000,1,Shopee Comm,,52000,,6.00%,3120,0.00%,0,3120,9240,0,9240,,0,0.00%,0,100.00%,9240,Đang chờ xử lý,"Trạng thái của sản phẩm đang chờ xử lý, hoa hồng sẽ chỉ được thanh toán khi nó được hoàn thành",Đơn hàng từ các Shop khác nhau,Đã tồn tại,CB1_2_20251103230605,,,,,Facebook
251029BXNCKVSH,Đang chờ xử lý,2.15E+14,10/29/2025 11:21,,10/28/2025 11:21,Túi Gói Hàng SG - BaoBi24,189485585,Preferred(Non-CB),28376547114,[COMBO] Túi Gói Hàng Niêm Phong Chống Sốc Màu Trắng - Lót Xốp Nổ Chống Hỏng Hàng Hóa - Chất Liệu PE,89108747418,Normal Product,,Văn Phòng Phẩm,Quà Tặng - Giấy Gói,Xốp Chống Sốc,50000,1,Shopee Comm,,50000,,6.00%,3000,0.00%,0,3000,0,0,0,,0,0.00%,0,100.00%,0,Đang chờ xử lý,"Trạng thái của sản phẩm đang chờ xử lý, hoa hồng sẽ chỉ được thanh toán khi nó được hoàn thành",Đơn hàng từ các Shop khác nhau,Đã tồn tại,CB1_2_20251103230605,,,,,Facebook
251029BXNCKVSH,Đang chờ xử lý,2.15E+14,10/29/2025 11:21,,10/28/2025 11:21,Túi Gói Hàng SG - BaoBi24,189485585,Preferred(Non-CB),5804972480,"1kg túi đóng gói hàng niêm phong chống nước tự dính siêu dai túi đóng gói hàng chống bóc, tráo đổi",1.78E+11,Normal Product,,Nhà cửa & Đời sống,Dụng cụ chăm sóc nhà cửa,Túi nilon & túi rác,52000,1,Shopee Comm,,52000,,6.00%,3120,0.00%,0,3120,0,0,0,,0,0.00%,0,100.00%,0,Đang chờ xử lý,"Trạng thái của sản phẩm đang chờ xử lý, hoa hồng sẽ chỉ được thanh toán khi nó được hoàn thành",Đơn hàng từ các Shop khác nhau,Đã tồn tại,CB1_2_20251103230605,,,,,Facebook
251029BXKJE7M8,Đang chờ xử lý,2.15E+14,10/29/2025 11:20,,10/29/2025 11:17,Anbio Shop,29072484,Preferred(Non-CB),24317465101,"Lót nồi lót ly cách nhiệt thấm nước chống trượt, để được đồ nóng và lạnh",2.50E+11,Normal Product,,Nhà cửa & Đời sống,Bộ đồ bàn ăn,"Khay, tấm lót bàn ăn",10900,1,XTRA Comm,,6179,,6.00%,370.74,4.00%,247.16,617.9,2094.3,1396.2,3490.5,,0,0.00%,0,100.00%,3490.5,Đang chờ xử lý,"Trạng thái của sản phẩm đang chờ xử lý, hoa hồng sẽ chỉ được thanh toán khi nó được hoàn thành",Đơn hàng từ các Shop khác nhau,Đã tồn tại,CB1_2_20251103230605,,,,,Facebook
251029BXKJE7M8,Đang chờ xử lý,2.15E+14,10/29/2025 11:20,,10/29/2025 11:17,Anbio Shop,29072484,Preferred(Non-CB),16766193623,"Lót nồi, lót ly silicon siêu bền, chống thấm chịu nhiệt cao, nhiều hình tự chọn",1.56E+11,Normal Product,,Nhà cửa & Đời sống,Bộ đồ bàn ăn,"Khay, tấm lót bàn ăn",10900,1,XTRA Comm,,6176,,6.00%,370.56,4.00%,247.04,617.6,0,0,0,,0,0.00%,0,100.00%,0,Đang chờ xử lý,"Trạng thái của sản phẩm đang chờ xử lý, hoa hồng sẽ chỉ được thanh toán khi nó được hoàn thành",Đơn hàng từ các Shop khác nhau,Đã tồn tại,CB1_2_20251103230605,,,,,Facebook
251029BXKJE7M8,Đang chờ xử lý,2.15E+14,10/29/2025 11:20,,10/29/2025 11:17,Anbio Shop,29072484,Preferred(Non-CB),16766193623,"Lót nồi, lót ly silicon siêu bền, chống thấm chịu nhiệt cao, nhiều hình tự chọn",2.32E+11,Normal Product,,Nhà cửa & Đời sống,Bộ đồ bàn ăn,"Khay, tấm lót bàn ăn",19900,1,XTRA Comm,,11275,,6.00%,676.5,4.00%,451,1127.5,0,0,0,,0,0.00%,0,100.00%,0,Đang chờ xử lý,"Trạng thái của sản phẩm đang chờ xử lý, hoa hồng sẽ chỉ được thanh toán khi nó được hoàn thành",Đơn hàng từ các Shop khác nhau,Đã tồn tại,CB1_2_20251103230605,,,,,Facebook
251029BXKJE7M8,Đang chờ xử lý,2.15E+14,10/29/2025 11:20,,10/29/2025 11:17,Anbio Shop,29072484,Preferred(Non-CB),24317465101,"Lót nồi lót ly cách nhiệt thấm nước chống trượt, để được đồ nóng và lạnh",2.50E+11,Normal Product,,Nhà cửa & Đời sống,Bộ đồ bàn ăn,"Khay, tấm lót bàn ăn",19900,1,XTRA Comm,,11275,,6.00%,676.5,4.00%,451,1127.5,0,0,0,,0,0.00%,0,100.00%,0,Đang chờ xử lý,"Trạng thái của sản phẩm đang chờ xử lý, hoa hồng sẽ chỉ được thanh toán khi nó được hoàn thành",Đơn hàng từ các Shop khác nhau,Đã tồn tại,CB1_2_20251103230605,,,,,Facebook
251029BXF94Q58,Đang chờ xử lý,2.15E+14,10/29/2025 11:18,,10/29/2025 11:09,Cocaf decor Japan,1207576648,Preferred(Non-CB),42207057002,"[Decor Japan] Chuông gió cửa hàng, chuông nhắc nhở cửa ra vào bằng gỗ phong cách Nhật Bản",2.49E+11,Normal Product,,Thiết Bị Điện Gia Dụng,Mạch điện & Phụ tùng,Chuông cửa,55900,1,XTRA Comm,,55900,,6.00%,3354,5.00%,2795,6149,3354,2795,6149,,0,0.00%,0,100.00%,6149,Đang chờ xử lý,"Trạng thái của sản phẩm đang chờ xử lý, hoa hồng sẽ chỉ được thanh toán khi nó được hoàn thành",Đơn hàng từ các Shop khác nhau,Đã tồn tại,CB1_2_20251103230605,,,,,Facebook
251029BX6U6TR7,Đang chờ xử lý,2.15E+14,10/29/2025 11:13,,10/29/2025 9:17,Minh Khôi Sport Shop,1151822995,Preferred(Non-CB),42857876445,"Vòng Lắc Eo Giảm Mỡ Bụng Bọc Nhựa Dẻo Mềm Mại, An Toàn Dễ Sử Dụng Dây Lắc Eo Tập Bụng",1.89E+11,Normal Product,,Thể Thao & Dã Ngoại,Dụng Cụ Thể Thao & Dã Ngoại,Thiết Bị Thể Thao,149000,1,XTRA Comm,,134100,,6.00%,8046,5.00%,6705,14751,8046,6705,14751,,0,0.00%,0,100.00%,14751,Đang chờ xử lý,"Trạng thái của sản phẩm đang chờ xử lý, hoa hồng sẽ chỉ được thanh toán khi nó được hoàn thành",Đơn hàng từ các Shop khác nhau,Đã tồn tại,CB1_2_20251103230605,,,,,Facebook
251029BWYWWMJW,Đang chờ xử lý,2.15E+14,10/29/2025 11:09,,10/24/2025 11:38,CMinYP H&L,71223963,Shopee Mall(CB),24034378105,Cminyp Vỏ bảo vệ da đa năng Chống bụi Chống nước Chống rơi Chống trầy xước Du lịch Túi đựng tai nghe không dây cho Airpods 3 / P,1.49E+11,Normal Product,,Điện Thoại & Phụ Kiện,Phụ kiện,"Vỏ bao, Ốp lưng & Miếng dán",75384,1,XTRA Comm,,75384,,6.00%,4523.04,1.00%,753.84,5276.88,4523.04,753.84,5276.88,,0,0.00%,0,100.00%,5276.88,Đang chờ xử lý,"Trạng thái của sản phẩm đang chờ xử lý, hoa hồng sẽ chỉ được thanh toán khi nó được hoàn thành",Đơn hàng từ các Shop khác nhau,Đã tồn tại,CB1_2_20251103230605,,,,,Facebook
251029BVQPHTU6,Đang chờ xử lý,2.15E+14,10/29/2025 10:46,,10/27/2025 8:57,KoreFood HCM,65246238,Preferred(Non-CB),26567241682,MÌ NẤU MÌ CAY RAMEN NOODLES THƯỢNG HẠNG ( GÓI 12 VẮT MÌ),2.42E+11,Normal Product,,Thực phẩm và đồ uống,Nhu yếu phẩm,Mì,79000,2,Shopee Comm,,142200,,6.00%,8532,0.00%,0,8532,8532,0,8532,,0,0.00%,0,100.00%,8532,Đang chờ xử lý,"Trạng thái của sản phẩm đang chờ xử lý, hoa hồng sẽ chỉ được thanh toán khi nó được hoàn thành",Đơn hàng từ các Shop khác nhau,Đã tồn tại,CB1_2_20251103230605,,,,,Others
251029BVQPHTU5,Đang chờ xử lý,2.15E+14,10/29/2025 10:46,,10/27/2025 8:57,CTY VĂN PHÒNG PHẨM SƠN THỦY,242520587,Preferred(Non-CB),13665186059,"[THANH LÝ GIÁ VỐN] THÙNG GIẤY IN BILL K80x45, K80x80, K57x38, GIẤY IN MÁY POS, Giấy in Hóa Đơn 80mm, 57mm, Giấy in Nhiệt",2.37E+11,Normal Product,,Văn Phòng Phẩm,Sổ & Giấy Các Loại,Giấy Nhiệt,125000,1,Shopee Comm,,112500,,6.00%,6750,0.00%,0,6750,6750,0,6750,,0,0.00%,0,100.00%,6750,Đang chờ xử lý,"Trạng thái của sản phẩm đang chờ xử lý, hoa hồng sẽ chỉ được thanh toán khi nó được hoàn thành",Đơn hàng từ các Shop khác nhau,Đã tồn tại,CB1_2_20251103230605,,,,,Others
251029BVCY7FAH,Đang chờ xử lý,2.15E+14,10/29/2025 10:40,,10/25/2025 15:24,Quang Minh Store,44587330,Preferred(Non-CB),5883884110,"Đai quấn cổ chân tập mông, kickback, móc cáp tập đùi đá sau hoặc tập với dây kháng lực tại nhà",1.55E+11,Normal Product,,Thể Thao & Dã Ngoại,Phụ Kiện Thể Thao & Dã Ngoại,Phụ Kiện Tập Luyện,168000,1,XTRA Comm,,122884,,6.00%,7373.04,1.00%,1228.84,8601.88,7373.04,1228.84,8601.88,,0,0.00%,0,100.00%,8601.88,Đang chờ xử lý,"Trạng thái của sản phẩm đang chờ xử lý, hoa hồng sẽ chỉ được thanh toán khi nó được hoàn thành",Đơn hàng từ các Shop khác nhau,Đã tồn tại,CB1_2_20251103230605,,,,,Facebook
251029BUSTXTHD,Đang chờ xử lý,2.15E+14,10/29/2025 10:30,,10/28/2025 7:14,Tổng kho Gia dụng MIKA,328755008,Preferred(Non-CB),22734257761,"Tủ đựng mỹ phẩm 2-3-4 tầng, kệ mỹ phẩm để trang sức nhiều tầng Hokori nhựa Việt Nhật cao cấp",2.31E+11,Normal Product,,Nhà cửa & Đời sống,Sắp xếp nhà cửa,Kệ sách để bàn,159500,1,XTRA Comm,,143550,,6.00%,8613,1.00%,1435.5,10048.5,8613,1435.5,10048.5,,0,0.00%,0,100.00%,10048.5,Đang chờ xử lý,"Trạng thái của sản phẩm đang chờ xử lý, hoa hồng sẽ chỉ được thanh toán khi nó được hoàn thành",Đơn hàng từ các Shop khác nhau,Đã tồn tại,CB1_2_20251103230605,,,,,Others
251029BUJQYDC4,Đang chờ xử lý,2.15E+14,10/29/2025 10:26,,10/28/2025 12:24,Nhi Vi - Tạp Hoá Màu Be,258374317,C2C(Non-CB),21567174745,nhũ kim tuyến umi màu 49 trắng bạc không pha thêm ánh nào khối lượng 2g NHŨ DẠNG KHÔ HẠT RỜI,1.18E+11,Normal Product,,Sắc Đẹp,Trang điểm,Trang điểm mắt,81000,1,XTRA Comm,,81000,,6.00%,4860,3.00%,2430,7290,9360,4680,14040,,0,0.00%,0,100.00%,14040,Đang chờ xử lý,"Trạng thái của sản phẩm đang chờ xử lý, hoa hồng sẽ chỉ được thanh toán khi nó được hoàn thành",Đơn hàng từ các Shop khác nhau,Đã tồn tại,CB1_2_20251103230605,,,,,Facebook
251029BUJQYDC4,Đang chờ xử lý,2.15E+14,10/29/2025 10:26,,10/28/2025 12:24,Nhi Vi - Tạp Hoá Màu Be,258374317,C2C(Non-CB),25275648673,CỌ MÁ HỒNG DOUYIN Lông Dê Siêu Mềm Tán Má Hồng Rất Mịn Đầu Lông Trắng A19,98908470291,Normal Product,,Sắc Đẹp,Dụng cụ làm đẹp,Dụng cụ trang điểm,45000,1,XTRA Comm,,45000,,6.00%,2700,3.00%,1350,4050,0,0,0,,0,0.00%,0,100.00%,0,Đang chờ xử lý,"Trạng thái của sản phẩm đang chờ xử lý, hoa hồng sẽ chỉ được thanh toán khi nó được hoàn thành",Đơn hàng từ các Shop khác nhau,Đã tồn tại,CB1_2_20251103230605,,,,,Facebook
251029BUJQYDC4,Đang chờ xử lý,2.15E+14,10/29/2025 10:26,,10/28/2025 12:24,Nhi Vi - Tạp Hoá Màu Be,258374317,C2C(Non-CB),28857021048,Cọ Trang Điểm Lẻ Một Cây Đầy Đủ Các Loại Cọ Trang Điểm Nhivie,1.98E+11,Normal Product,,Sắc Đẹp,Dụng cụ làm đẹp,Dụng cụ trang điểm,30000,1,XTRA Comm,,30000,,6.00%,1800,3.00%,900,2700,0,0,0,,0,0.00%,0,100.00%,0,Đang chờ xử lý,"Trạng thái của sản phẩm đang chờ xử lý, hoa hồng sẽ chỉ được thanh toán khi nó được hoàn thành",Đơn hàng từ các Shop khác nhau,Đã tồn tại,CB1_2_20251103230605,,,,,Facebook
251029BU1GQ85R,Đang chờ xử lý,2.15E+14,10/29/2025 10:16,,10/29/2025 9:21,PiSoo - Dép Nam Nữ,374789635,Preferred(Non-CB),19275837573,"Dép cho trẻ em bé gái, dép lê cho bé gắn hình Thỏ CINNA dễ thương",2.41E+11,Normal Product,,Thời trang trẻ em & trẻ sơ sinh,Giày bé trai,Dép lê,59000,1,XTRA Comm,,59000,,0.00%,0,1.50%,885,885,0,885,885,,0,0.00%,0,100.00%,885,Đang chờ xử lý,"Trạng thái của sản phẩm đang chờ xử lý, hoa hồng sẽ chỉ được thanh toán khi nó được hoàn thành",Đơn hàng từ các Shop khác nhau,Đã tồn tại,CB1_2_20251103230605,,,,,Others
251029BTABQ2QJ,Đang chờ xử lý,2.15E+14,10/29/2025 10:03,,10/29/2025 9:58,Xưởng May Song Anh,151578259,Preferred(Non-CB),26652914902,[Combo 2 quần] Quần Ống Rộng Chất Đũi Cạp Chun Lưng Cao dài 100-104cm phong cách nhật bản Lên Dáng Siêu Xinh,98995412039,Normal Product,,Thời Trang Nữ,Quần,Quần dài,68040,1,XTRA Comm,,18040,,6.00%,1082.4,2.50%,451,1533.4,1082.4,451,1533.4,,0,0.00%,0,100.00%,1533.4,Đang chờ xử lý,"Trạng thái của sản phẩm đang chờ xử lý, hoa hồng sẽ chỉ được thanh toán khi nó được hoàn thành",Đơn hàng từ các Shop khác nhau,Đã tồn tại,CB1_2_20251103230605,,,,,Facebook
251029BS6CMX4D,Đang chờ xử lý,2.15E+14,10/29/2025 9:43,,10/26/2025 12:20,Thái Sơn House,925404435,Preferred(Non-CB),25961195071,"Kéo Thực Phẩm INOX 304 Yinuo Kitchen LOẠI MỚI, CAO CẤP .Kéo Nhà Bếp Đa Năng Cắt Xương Gà, Kéo Bền Mạnh Mẽ",59393499263,Normal Product,,Nhà cửa & Đời sống,Dụng cụ nhà bếp,Dao & kéo,137500,1,Shopee Comm,,123750,,6.00%,7425,0.00%,0,7425,7425,0,7425,,0,0.00%,0,100.00%,7425,Đang chờ xử lý,"Trạng thái của sản phẩm đang chờ xử lý, hoa hồng sẽ chỉ được thanh toán khi nó được hoàn thành",Đơn hàng từ các Shop khác nhau,Đã tồn tại,CB1_2_20251103230605,,,,,Facebook
251029BS3XERW2,Đang chờ xử lý,2.15E+14,10/29/2025 9:42,,10/27/2025 13:56,Phukienxechat,1220583376,C2C(Non-CB),28907751156,gương kính chiếu hậu Vision 2021-2024( Giá 1 cặp ),49451988395,Normal Product,,"Mô tô, xe máy",Phụ kiện xe máy,Gương và phụ kiện,80000,1,Shopee Comm,,80000,,6.00%,4800,0.00%,0,4800,4800,0,4800,,0,0.00%,0,100.00%,4800,Đang chờ xử lý,"Trạng thái của sản phẩm đang chờ xử lý, hoa hồng sẽ chỉ được thanh toán khi nó được hoàn thành",Đơn hàng từ các Shop khác nhau,Đã tồn tại,CB1_2_20251103230605,,,,,Others
251029BRXRH875,Đang chờ xử lý,2.15E+14,10/29/2025 9:39,,10/29/2025 9:19,TOP 1 HÀNG TIÊU DÙNG,1256944665,C2C(Non-CB),24330538531,combo 600 chiếc Khẩu trang 5D Thuận Phát kháng khuẩn CHÍNH HÃNG 3 lớp kháng khuẩn kháng giọt bắn chống tia UV,2.46E+11,Normal Product,,Sức Khỏe,Vật tư y tế,Bao tay và khẩu trang y tế,155000,1,XTRA Comm,,137950,,6.00%,8277,8.50%,11725.75,20002.75,8277,11725.75,20002.75,,0,0.00%,0,100.00%,20002.75,Đang chờ xử lý,"Trạng thái của sản phẩm đang chờ xử lý, hoa hồng sẽ chỉ được thanh toán khi nó được hoàn thành",Đơn hàng từ các Shop khác nhau,Đã tồn tại,CB1_2_20251103230605,,,,,Facebook
251029BR89E1QN,Đang chờ xử lý,2.15E+14,10/29/2025 9:26,,10/28/2025 10:12,SHOP PHỤ KIỆN SKY,449168894,Preferred(Non-CB),20625866584,Cường lực chống nhìn trộm có khung tự dán cho iphone 11 pro max 12 pro max 13 promax x xr xs max 7 8 plus 14 15 16 17,2.27E+11,Normal Product,373785602113797_0_0,Điện Thoại & Phụ Kiện,Phụ kiện,Miếng dán màn hình,25900,1,XTRA Comm,,22464,,6.00%,1347.84,5.00%,1123.2,2471.04,4095.78,3413.15,7508.93,,0,0.00%,0,100.00%,7508.93,Đang chờ xử lý,"Trạng thái của sản phẩm đang chờ xử lý, hoa hồng sẽ chỉ được thanh toán khi nó được hoàn thành",Đơn hàng từ các Shop khác nhau,Đã tồn tại,CB1_2_20251103230605,,,,,Others
251029BR89E1QN,Đang chờ xử lý,2.15E+14,10/29/2025 9:26,,10/28/2025 10:12,SHOP PHỤ KIỆN SKY,449168894,Preferred(Non-CB),21654370840,Cường lực 4D chống nhìn trộm cho iphone 14 pro max 13 pro max 12 pro max 11 pro max xs max x xr 7 8 plus 15 16 17 ProMax,2.05E+11,Normal Product,373785602113797_0_0,Điện Thoại & Phụ Kiện,Phụ kiện,Miếng dán màn hình,33900,1,XTRA Comm,,29403,,6.00%,1764.18,5.00%,1470.15,3234.33,0,0,0,,0,0.00%,0,100.00%,0,Đang chờ xử lý,"Trạng thái của sản phẩm đang chờ xử lý, hoa hồng sẽ chỉ được thanh toán khi nó được hoàn thành",Đơn hàng từ các Shop khác nhau,Đã tồn tại,CB1_2_20251103230605,,,,,Others
251029BR89E1QN,Đang chờ xử lý,2.15E+14,10/29/2025 9:26,,10/28/2025 10:12,SHOP PHỤ KIỆN SKY,449168894,Preferred(Non-CB),25363574647,[QUÀ TẶNG KHÁCH VIP] Keo dán chống hở mép kính cường lực điện thoại [SKY 9889],2.24E+11,Normal Product,373785602113797_0_0,Điện Thoại & Phụ Kiện,Phụ kiện,Khác,0,1,XTRA Comm,,0,,6.00%,0,4.50%,0,0,0,0,0,,0,0.00%,0,100.00%,0,Đang chờ xử lý,"Trạng thái của sản phẩm đang chờ xử lý, hoa hồng sẽ chỉ được thanh toán khi nó được hoàn thành",Đơn hàng từ các Shop khác nhau,Đã tồn tại,CB1_2_20251103230605,,,,,Others
251029BR89E1QN,Đang chờ xử lý,2.15E+14,10/29/2025 9:26,,10/28/2025 10:12,SHOP PHỤ KIỆN SKY,449168894,Preferred(Non-CB),5589708136,[QUÀ TẶNG KHÁCH VIP] Miếng Dán Mèo Thần Tài gắn ốp lưng điện thoại Mạ Vàng Mang Tới Tài Lộc [SKY 8899],2.59E+11,Normal Product,373785602113797_0_0,Điện Thoại & Phụ Kiện,Phụ kiện,"Vỏ bao, Ốp lưng & Miếng dán",0,1,XTRA Comm,,0,,6.00%,0,5.00%,0,0,0,0,0,,0,0.00%,0,100.00%,0,Đang chờ xử lý,"Trạng thái của sản phẩm đang chờ xử lý, hoa hồng sẽ chỉ được thanh toán khi nó được hoàn thành",Đơn hàng từ các Shop khác nhau,Đã tồn tại,CB1_2_20251103230605,,,,,Others
251029BR89E1QN,Đang chờ xử lý,2.15E+14,10/29/2025 9:26,,10/28/2025 10:12,SHOP PHỤ KIỆN SKY,449168894,Preferred(Non-CB),19319903470,Cường lực chống nhìn trộm iphone 16 ProMax Xs max 11 Promax 12 Promax 7 Plus 8 Plus X Xr 13 Pro max 14 15 Pro max [CNT],2.37E+11,Normal Product,373785602113797_0_0,Điện Thoại & Phụ Kiện,Phụ kiện,Miếng dán màn hình,18900,1,XTRA Comm,,16396,,6.00%,983.76,5.00%,819.8,1803.56,0,0,0,,0,0.00%,0,100.00%,0,Đang chờ xử lý,"Trạng thái của sản phẩm đang chờ xử lý, hoa hồng sẽ chỉ được thanh toán khi nó được hoàn thành",Đơn hàng từ các Shop khác nhau,Đã tồn tại,CB1_2_20251103230605,,,,,Others
251029BQS5X6DA,Đang chờ xử lý,2.15E+14,10/29/2025 9:18,,10/28/2025 7:46,trangfoodygialai,44066254,C2C(Non-CB),23456661481,1kg chuối sấy không đường (2 túi mỗi túi 500g) đặc sản Gia Lai,1.39E+11,Normal Product,,Thực phẩm và đồ uống,Đồ ăn vặt,Thức ăn khô,89000,1,Shopee Comm,,80100,,6.00%,4806,0.00%,0,4806,4806,0,4806,,0,0.00%,0,100.00%,4806,Đang chờ xử lý,"Trạng thái của sản phẩm đang chờ xử lý, hoa hồng sẽ chỉ được thanh toán khi nó được hoàn thành",Đơn hàng từ các Shop khác nhau,Đã tồn tại,CB1_2_20251103230605,,,,,Facebook
251029BQ3GM8UP,Đang chờ xử lý,2.15E+14,10/29/2025 9:06,,10/27/2025 11:26,GIGAHOME,32678188,Shopee Mall(Non-CB),19726493407,Đầu Vòi Lọc Nước Tăng Áp Điều Hướng 360 Độ GIGAHOME 2 Chế Độ Chảy 1074,68957879106,Normal Product,,Nhà cửa & Đời sống,Dụng cụ & Thiết bị tiện ích,Chậu rửa & vòi nước,20000,1,XTRA Comm,,20000,,6.00%,1200,1.00%,200,1400,1200,200,1400,,0,0.00%,0,100.00%,1400,Đang chờ xử lý,"Trạng thái của sản phẩm đang chờ xử lý, hoa hồng sẽ chỉ được thanh toán khi nó được hoàn thành",Đơn hàng từ các Shop khác nhau,Đã tồn tại,CB1_2_20251103230605,,,,,Others
251029BMQX25TX,Đang chờ xử lý,2.15E+14,10/29/2025 8:23,,10/26/2025 2:50,Thiết Bị Y Tế Thu Thảo,50328274,Preferred(Non-CB),28979154080,Ống nghe y tế 2 mặt Spirit CK-601P,2.53E+11,Normal Product,,Sức Khỏe,Vật tư y tế,Ống nghe y tế,415000,1,Shopee Comm,,334800,,6.00%,20088,0.00%,0,20088,20088,0,20088,,0,0.00%,0,100.00%,20088,Đang chờ xử lý,"Trạng thái của sản phẩm đang chờ xử lý, hoa hồng sẽ chỉ được thanh toán khi nó được hoàn thành",Đơn hàng từ các Shop khác nhau,Đã tồn tại,CB1_2_20251103230605,,,,,Others
251029BM3DY3HC,Đang chờ xử lý,2.15E+14,10/29/2025 8:12,,10/29/2025 7:53,HCM Hemei,1501049216,C2C(Non-CB),29038522525,"Bình Nước Có Ống Hút Cho Học Sinh Dễ Thương, Chống Rò Rỉ, Dung Tích 600/800ml, Không BPA",2.54E+11,Normal Product,,Nhà cửa & Đời sống,Bộ đồ bàn ăn,Bình nước & phụ kiện,48500,1,XTRA Comm,,43165,,6.00%,2589.9,4.00%,1726.6,4316.5,5179.8,3453.2,8633,,0,0.00%,0,100.00%,8633,Đang chờ xử lý,"Trạng thái của sản phẩm đang chờ xử lý, hoa hồng sẽ chỉ được thanh toán khi nó được hoàn thành",Đơn hàng từ các Shop khác nhau,Đã tồn tại,CB1_2_20251103230605,,,,,Facebook
251029BM3DY3HC,Đang chờ xử lý,2.15E+14,10/29/2025 8:12,,10/29/2025 7:53,HCM Hemei,1501049216,C2C(Non-CB),29038522525,"Bình Nước Có Ống Hút Cho Học Sinh Dễ Thương, Chống Rò Rỉ, Dung Tích 600/800ml, Không BPA",2.54E+11,Normal Product,,Nhà cửa & Đời sống,Bộ đồ bàn ăn,Bình nước & phụ kiện,48500,1,XTRA Comm,,43165,,6.00%,2589.9,4.00%,1726.6,4316.5,0,0,0,,0,0.00%,0,100.00%,0,Đang chờ xử lý,"Trạng thái của sản phẩm đang chờ xử lý, hoa hồng sẽ chỉ được thanh toán khi nó được hoàn thành",Đơn hàng từ các Shop khác nhau,Đã tồn tại,CB1_2_20251103230605,,,,,Facebook
251029BKQ6X74R,Đang chờ xử lý,2.15E+14,10/29/2025 8:05,,10/23/2025 16:41,MDTECH_Store,14989725,Preferred(Non-CB),40364785727,Chân đế gài dành cho Camera IMOU / EZVIZ / Chân đế Camera,2.44E+11,Normal Product,,Cameras & Flycam,Camera giám sát,Khác,8500,2,XTRA Comm,,17000,,6.00%,1020,2.50%,425,1445,1020,425,1445,,0,0.00%,0,100.00%,1445,Đang chờ xử lý,"Trạng thái của sản phẩm đang chờ xử lý, hoa hồng sẽ chỉ được thanh toán khi nó được hoàn thành",Đơn hàng từ các Shop khác nhau,Đã tồn tại,CB1_2_20251103230605,,,,,Others
251029BJVEGTBC,Đang chờ xử lý,2.15E+14,10/29/2025 7:50,,10/27/2025 15:55,DEW96 - Quần Áo Nữ,779826787,Preferred(Non-CB),27062598893,"Quần baggy nữ chất vải gió mát mềm mịn co giãn nhẹ, ít nhăn ít xù lưng cao cạp chun dây rút có túi",1.68E+11,Normal Product,,Thời Trang Nữ,Quần,Quần dài,109000,1,XTRA Comm,,109000,,6.00%,6540,1.00%,1090,7630,13080,2180,15260,,0,0.00%,0,100.00%,15260,Đang chờ xử lý,"Trạng thái của sản phẩm đang chờ xử lý, hoa hồng sẽ chỉ được thanh toán khi nó được hoàn thành",Đơn hàng từ các Shop khác nhau,Đã tồn tại,CB1_2_20251103230605,,,,,Facebook
251029BJVEGTBC,Đang chờ xử lý,2.15E+14,10/29/2025 7:50,,10/27/2025 15:55,DEW96 - Quần Áo Nữ,779826787,Preferred(Non-CB),27062598893,"Quần baggy nữ chất vải gió mát mềm mịn co giãn nhẹ, ít nhăn ít xù lưng cao cạp chun dây rút có túi",2.95E+11,Normal Product,,Thời Trang Nữ,Quần,Quần dài,109000,1,XTRA Comm,,109000,,6.00%,6540,1.00%,1090,7630,0,0,0,,0,0.00%,0,100.00%,0,Đang chờ xử lý,"Trạng thái của sản phẩm đang chờ xử lý, hoa hồng sẽ chỉ được thanh toán khi nó được hoàn thành",Đơn hàng từ các Shop khác nhau,Đã tồn tại,CB1_2_20251103230605,,,,,Facebook
251029BF56WANM,Đang chờ xử lý,2.15E+14,10/29/2025 6:43,,10/29/2025 6:40,DR TUẤN,1448884799,C2C(Non-CB),29029163800,"Gel Giảm Mụn Trioderma Dành Cho Mọi Loại Da Giúp Sáng Da, Mờ Thâm, Ngừa Mụn – Tuýp 15g",3.02E+11,Normal Product,,Sắc Đẹp,Chăm sóc da mặt,Sản phẩm trị mụn,134000,1,XTRA Comm,,120600,,6.00%,7236,4.50%,5427,12663,7236,5427,12663,,0,0.00%,0,100.00%,12663,Đang chờ xử lý,"Trạng thái của sản phẩm đang chờ xử lý, hoa hồng sẽ chỉ được thanh toán khi nó được hoàn thành",Đơn hàng từ các Shop khác nhau,Đã tồn tại,CB1_2_20251103230605,,,,,Facebook
251029BF3R67VX,Đang chờ xử lý,2.15E+14,10/29/2025 6:43,,10/27/2025 11:54,win92 shop,127011450,Preferred(Non-CB),10015388113,"Cây lau nhà mâm inox, cây lau nhà xoay 360 độ",1.94E+11,Normal Product,,Nhà cửa & Đời sống,Dụng cụ chăm sóc nhà cửa,Cây lau nhà,45000,1,Shopee Comm,,45000,,6.00%,2700,0.00%,0,2700,2700,0,2700,,0,0.00%,0,100.00%,2700,Đang chờ xử lý,"Trạng thái của sản phẩm đang chờ xử lý, hoa hồng sẽ chỉ được thanh toán khi nó được hoàn thành",Đơn hàng từ các Shop khác nhau,Đã tồn tại,CB1_2_20251103230605,,,,,Others
251029BD5D1YN3,Đang chờ xử lý,2.15E+14,10/29/2025 6:08,,10/27/2025 19:19,MINH LONG PHÁT SG,92454192,Preferred(Non-CB),7012884298,"(100% aut+ có video) kem GIẢM thâm mắt, bọng mắt collagen PLUS VIT E 701, HSD 09/01/2028",42110494207,Normal Product,,Sắc Đẹp,Chăm sóc da mặt,Sản phẩm dưỡng mắt,19900,1,XTRA Comm,,18200,,6.00%,1092,5.00%,910,2002,2676,2230,4906,,0,0.00%,0,100.00%,4906,Đang chờ xử lý,"Trạng thái của sản phẩm đang chờ xử lý, hoa hồng sẽ chỉ được thanh toán khi nó được hoàn thành",Đơn hàng từ các Shop khác nhau,Đã tồn tại,CB1_2_20251103230605,,,,,Facebook
251029BD5D1YN3,Đang chờ xử lý,2.15E+14,10/29/2025 6:08,,10/27/2025 19:19,MINH LONG PHÁT SG,92454192,Preferred(Non-CB),18794639222,[màu nâu hạt dẻ]  hộp 10 gói Gội phủ bạc nhuộm tóc màu nâu hạt dẻ SOLBOL Max Shine Color tặng 10 đôi bao tay,1.18E+11,Normal Product,,Sắc Đẹp,Chăm sóc tóc,Thuốc nhuộm tóc,29000,1,XTRA Comm,,26400,,6.00%,1584,5.00%,1320,2904,0,0,0,,0,0.00%,0,100.00%,0,Đang chờ xử lý,"Trạng thái của sản phẩm đang chờ xử lý, hoa hồng sẽ chỉ được thanh toán khi nó được hoàn thành",Đơn hàng từ các Shop khác nhau,Đã tồn tại,CB1_2_20251103230605,,,,,Facebook
251029BCJ6WTA3,Đang chờ xử lý,2.15E+14,10/29/2025 5:57,,10/28/2025 11:29,Bảo  Hộ Lao Động Cường Hương,42262866,Preferred(Non-CB),16565661172,"Băng thun bó ống quần phản quang du lịch, phượt, dã ngoại",1.63E+11,Normal Product,,Thể Thao & Dã Ngoại,Phụ Kiện Thể Thao & Dã Ngoại,Phụ Kiện Khác,9000,2,Shopee Comm,,18000,,6.00%,1080,0.00%,0,1080,1080,0,1080,,0,0.00%,0,100.00%,1080,Đang chờ xử lý,"Trạng thái của sản phẩm đang chờ xử lý, hoa hồng sẽ chỉ được thanh toán khi nó được hoàn thành",Đơn hàng từ các Shop khác nhau,Đã tồn tại,CB1_2_20251103230605,,,,,Others
251029BC4UN4MN,Đang chờ xử lý,2.15E+14,10/29/2025 5:50,,10/27/2025 11:24,89 Tổng Kho Sỉ Lẻ,627603223,Preferred(Non-CB),18689913464,Máy sấy tóc 2 chiều nóng lạnh hiện đại công suất lớn 3500W,1.94E+11,Normal Product,,Sắc Đẹp,Dụng cụ làm đẹp,Dụng cụ chăm sóc tóc,59120,1,Shopee Comm,,52616,,6.00%,3156.96,0.00%,0,3156.96,3156.96,0,3156.96,,0,0.00%,0,100.00%,3156.96,Đang chờ xử lý,"Trạng thái của sản phẩm đang chờ xử lý, hoa hồng sẽ chỉ được thanh toán khi nó được hoàn thành",Đơn hàng từ các Shop khác nhau,Đã tồn tại,CB1_2_20251103230605,,,,,Others
251029BBKGM0GR,Đang chờ xử lý,2.15E+14,10/29/2025 5:40,,10/28/2025 7:39,Điện máy Smilemart,136097133,Shopee Mall(Non-CB),19560006814,"Dụng cụ tỏi ớt Locknlock CKS321,hàng chính hãng",2.13E+11,Normal Product,,Thiết Bị Điện Gia Dụng,Đồ gia dụng nhà bếp,Máy chế biến thực phẩm & Xay thịt,88999,1,XTRA Comm,,88999,,6.00%,5339.94,1.50%,1334.985,6674.925,5339.94,1334.985,6674.925,,0,0.00%,0,100.00%,6674.925,Đang chờ xử lý,"Trạng thái của sản phẩm đang chờ xử lý, hoa hồng sẽ chỉ được thanh toán khi nó được hoàn thành",Đơn hàng từ các Shop khác nhau,Đã tồn tại,CB1_2_20251103230605,,,,,Facebook
251029BAY925FN,Đang chờ xử lý,2.15E+14,10/29/2025 5:29,,10/29/2025 5:28,Tổng Kho Sỉ Gia Dụng ARNEXTECH,499975711,C2C(Non-CB),26007341527,"[CHÍNH HÃNG] Máy Rửa Xe Cầm Tay HITACHI 2 P 199V Áp Lực Cao, Máy Rửa Xe Gia Đình Với 3 Chế Độ Phun Rửa Áp Lực Mạnh Mẽ",79799173147,Normal Product,,Nhà cửa & Đời sống,Dụng cụ & Thiết bị tiện ích,Dụng cụ,269000,1,XTRA Comm,,269000,,6.00%,16140,6.00%,16140,32280,16140,16140,32280,,0,0.00%,0,100.00%,32280,Đang chờ xử lý,"Trạng thái của sản phẩm đang chờ xử lý, hoa hồng sẽ chỉ được thanh toán khi nó được hoàn thành",Đơn hàng từ cùng một Shop,Đã tồn tại,CB1_2_20251103230605,,,,,Others
251029B7J3T4B1,Đang chờ xử lý,2.15E+14,10/29/2025 4:28,,10/27/2025 4:19,AKIO Beauty Official Store,202721408,Shopee Mall(Non-CB),5318932779,Máy uốn tóc xoăn tự động AKIO chất liệu gốm sứ đường kính uốn 28mm,2.66E+11,Normal Product,,Sắc Đẹp,Dụng cụ làm đẹp,Dụng cụ chăm sóc tóc,350000,1,Shopee Comm,,260000,,6.00%,15600,0.00%,0,15600,15600,0,15600,,0,0.00%,0,100.00%,15600,Đang chờ xử lý,"Trạng thái của sản phẩm đang chờ xử lý, hoa hồng sẽ chỉ được thanh toán khi nó được hoàn thành",Đơn hàng từ các Shop khác nhau,Đã tồn tại,CB1_2_20251103230605,,,,,Facebook
251029AYSMX9CE,Đang chờ xử lý,2.15E+14,10/29/2025 2:09,,10/29/2025 1:54,Bé An Toàn - Mẹ An Tâm,120937725,Preferred(Non-CB),8137052627,"Ô tô đồ chơi xe tải 3 tầng kèm 6 xe đua nhỏ mô hình đường đua xe dài 1.65m, Xe Container đồ chơi cho bé.",1.85E+11,Normal Product,,Mẹ & Bé,Đồ chơi,Xe đồ chơi,219000,1,XTRA Comm,,197100,,6.00%,11826,1.00%,1971,13797,11826,1971,13797,,0,0.00%,0,100.00%,13797,Đang chờ xử lý,"Trạng thái của sản phẩm đang chờ xử lý, hoa hồng sẽ chỉ được thanh toán khi nó được hoàn thành",Đơn hàng từ các Shop khác nhau,Đã tồn tại,CB1_2_20251103230605,,,,,Facebook
251029AX8311AT,Đang chờ xử lý,2.15E+14,10/29/2025 1:41,,10/28/2025 1:12,Lens Optic Hà Nội,1251576811,Preferred(Non-CB),29600186475,"Kính áp tròng SEED 1 ngày không màu, lens SEED 1day Pure trong suốt có độ cận - Lens Optic Hà Nội",2.05E+11,Normal Product,,Sức Khỏe,Chăm sóc cá nhân,Chăm sóc mắt,23000,2,Shopee Comm,,43700,,6.00%,2622,0.00%,0,2622,2622,0,2622,,0,0.00%,0,100.00%,2622,Đang chờ xử lý,"Trạng thái của sản phẩm đang chờ xử lý, hoa hồng sẽ chỉ được thanh toán khi nó được hoàn thành",Đơn hàng từ các Shop khác nhau,Đã tồn tại,CB1_2_20251103230605,,,,,Facebook
251029AWUXUM4B,Đang chờ xử lý,2.15E+14,10/29/2025 1:34,,10/24/2025 23:57,Gối công thái học EMA Việt Nam,377567541,Shopee Mall(Non-CB),23080608216,Gối cao su non chống đau mỏi cổ vai gáy EMA - Thiết kế công thái học kết hợp Gel lạnh giúp ngủ nhanh,2.97E+11,Normal Product,,Nhà cửa & Đời sống,Chăn ga gối nệm,Gối,153000,1,Shopee Comm,,126990,,6.00%,7619.4,0.00%,0,7619.4,7619.4,0,7619.4,,0,0.00%,0,100.00%,7619.4,Đang chờ xử lý,"Trạng thái của sản phẩm đang chờ xử lý, hoa hồng sẽ chỉ được thanh toán khi nó được hoàn thành",Đơn hàng từ các Shop khác nhau,Đã tồn tại,CB1_2_20251103230605,,,,,Facebook
251029AWS2B56S,Đang chờ xử lý,2.15E+14,10/29/2025 1:32,,10/27/2025 17:07,YYlingx Mall,82033227,Shopee Mall(CB),26373914254,"Yylingx Micro Phong Cảnh Đèn, Đá Cát Trang Trí Chùa Đèn Lồng Tượng Sân Vườn, Mini Zen Yard Cây Cảnh Thu Nhỏ",1.49E+11,Normal Product,,Nhà cửa & Đời sống,Làm vườn,Trang trí vườn,204600,1,Shopee Comm,,198462,,6.00%,11907.72,0.00%,0,11907.72,11907.72,0,11907.72,,0,0.00%,0,100.00%,11907.72,Đang chờ xử lý,"Trạng thái của sản phẩm đang chờ xử lý, hoa hồng sẽ chỉ được thanh toán khi nó được hoàn thành",Đơn hàng từ các Shop khác nhau,Đã tồn tại,CB1_2_20251103230605,,,,,Facebook
251029AUR944WG,Đang chờ xử lý,2.15E+14,10/29/2025 0:56,,10/27/2025 15:34,Glow.Shop_,1337122594,C2C(Non-CB),28663557640,"Dây Đèn LED 1/3/5/10/15m Dạng Hạt 220V Có Phích Cắm – Không Thấm Nước, Trang Trí Nội Thất",1.95E+11,Normal Product,,Nhà cửa & Đời sống,Đèn,,45000,1,XTRA Comm,,45000,,6.00%,2700,3.00%,1350,4050,2700,1350,4050,,0,0.00%,0,100.00%,4050,Đang chờ xử lý,"Trạng thái của sản phẩm đang chờ xử lý, hoa hồng sẽ chỉ được thanh toán khi nó được hoàn thành",Đơn hàng từ các Shop khác nhau,Đã tồn tại,CB1_2_20251103230605,,,,,Facebook
251029AUJJ09V9,Đang chờ xử lý,2.15E+14,10/29/2025 0:53,,10/28/2025 0:05,HD99 Mall,255116298,Shopee Mall(Non-CB),26811884398,"Que lấy ráy tai inox Hiệp Tiến, dụng cụ ngoáy tai, chăm sóc tai chính hãng",2.57E+11,Normal Product,,Sức Khỏe,Chăm sóc cá nhân,Chăm sóc tai,10000,1,XTRA Comm,,10000,,6.00%,600,2.50%,250,850,600,250,850,,0,0.00%,0,100.00%,850,Đang chờ xử lý,"Trạng thái của sản phẩm đang chờ xử lý, hoa hồng sẽ chỉ được thanh toán khi nó được hoàn thành",Đơn hàng từ các Shop khác nhau,Đã tồn tại,CB1_2_20251103230605,,,,,Facebook
251029AUGPTPTK,Đang chờ xử lý,2.15E+14,10/29/2025 0:52,,10/29/2025 0:01,hạt giống an tâm.vn,924378159,C2C(Non-CB),22713319678,Hạt Giống Đu Đủ vỏ đỏ-vỏ vàng-lùn vỏ xanh chuẩn giống nảy mầm cao,2.66E+11,Normal Product,375771814772801_0_0,Nhà cửa & Đời sống,Làm vườn,Hạt giống & chất hỗ trợ trồng cây,6300,2,XTRA Comm,,12600,,6.00%,756,10.00%,1260,2016,3009,2520,5529,,0,0.00%,0,100.00%,5529,Đang chờ xử lý,"Trạng thái của sản phẩm đang chờ xử lý, hoa hồng sẽ chỉ được thanh toán khi nó được hoàn thành",Đơn hàng từ các Shop khác nhau,Đã tồn tại,CB1_2_20251103230605,,,,,Facebook
251029AUGPTPTK,Đang chờ xử lý,2.15E+14,10/29/2025 0:52,,10/29/2025 0:01,hạt giống an tâm.vn,924378159,C2C(Non-CB),29240393406,"Hạt Giống Hướng Dương Siêu Hoa – 50 Hạt, Nảy Mầm Cao, Ra Hoa Nhiều",1.69E+11,Normal Product,375771814772801_0_0,Nhà cửa & Đời sống,Làm vườn,Hạt giống & chất hỗ trợ trồng cây,6300,1,Shopee Comm,,6300,,6.00%,378,0.00%,0,378,0,0,0,,0,0.00%,0,100.00%,0,Đang chờ xử lý,"Trạng thái của sản phẩm đang chờ xử lý, hoa hồng sẽ chỉ được thanh toán khi nó được hoàn thành",Đơn hàng từ các Shop khác nhau,Đã tồn tại,CB1_2_20251103230605,,,,,Facebook
251029AUGPTPTK,Đang chờ xử lý,2.15E+14,10/29/2025 0:52,,10/29/2025 0:01,hạt giống an tâm.vn,924378159,C2C(Non-CB),41563526798,"Hạt Giống Cherry Mỹ – Trái Ngọt, Mọng Nước, Dễ Trồng",2.76E+11,Normal Product,375771814772801_0_0,Nhà cửa & Đời sống,Làm vườn,Hạt giống & chất hỗ trợ trồng cây,6300,1,Shopee Comm,,6300,,6.00%,378,0.00%,0,378,0,0,0,,0,0.00%,0,100.00%,0,Đang chờ xử lý,"Trạng thái của sản phẩm đang chờ xử lý, hoa hồng sẽ chỉ được thanh toán khi nó được hoàn thành",Đơn hàng từ các Shop khác nhau,Đã tồn tại,CB1_2_20251103230605,,,,,Facebook
251029AUGPTPTK,Đang chờ xử lý,2.15E+14,10/29/2025 0:52,,10/29/2025 0:01,hạt giống an tâm.vn,924378159,C2C(Non-CB),44365125065,[QUÀ TẶNG] Hạt Giống Rau Ngẫu Nhiên – Hàng Tặng Không Bán,1.67E+11,Normal Product,375771814772801_0_0,Nhà cửa & Đời sống,Làm vườn,Hạt giống & chất hỗ trợ trồng cây,0,1,XTRA Comm,,0,,6.00%,0,10.00%,0,0,0,0,0,,0,0.00%,0,100.00%,0,Đang chờ xử lý,"Trạng thái của sản phẩm đang chờ xử lý, hoa hồng sẽ chỉ được thanh toán khi nó được hoàn thành",Đơn hàng từ các Shop khác nhau,Đã tồn tại,CB1_2_20251103230605,,,,,Facebook
251029AUGPTPTK,Đang chờ xử lý,2.15E+14,10/29/2025 0:52,,10/29/2025 0:01,hạt giống an tâm.vn,924378159,C2C(Non-CB),22713319678,Hạt Giống Đu Đủ vỏ đỏ-vỏ vàng-lùn vỏ xanh chuẩn giống nảy mầm cao,2.66E+11,Normal Product,375771814772801_0_0,Nhà cửa & Đời sống,Làm vườn,Hạt giống & chất hỗ trợ trồng cây,6300,2,XTRA Comm,,12600,,6.00%,756,10.00%,1260,2016,0,0,0,,0,0.00%,0,100.00%,0,Đang chờ xử lý,"Trạng thái của sản phẩm đang chờ xử lý, hoa hồng sẽ chỉ được thanh toán khi nó được hoàn thành",Đơn hàng từ các Shop khác nhau,Đã tồn tại,CB1_2_20251103230605,,,,,Facebook
251029AUGPTPTK,Đang chờ xử lý,2.15E+14,10/29/2025 0:52,,10/29/2025 0:01,hạt giống an tâm.vn,924378159,C2C(Non-CB),26940419963,"100 Hạt Giống Hoa Hướng Dương Lùn – Hoa Đẹp, Cây Thấp, Trồng Chậu, Sân Vườn",2.61E+11,Normal Product,,Nhà cửa & Đời sống,Làm vườn,Hạt giống & chất hỗ trợ trồng cây,6050,1,Shopee Comm,,6050,,6.00%,363,0.00%,0,363,0,0,0,,0,0.00%,0,100.00%,0,Đang chờ xử lý,"Trạng thái của sản phẩm đang chờ xử lý, hoa hồng sẽ chỉ được thanh toán khi nó được hoàn thành",Đơn hàng từ các Shop khác nhau,Đã tồn tại,CB1_2_20251103230605,,,,,Facebook
251029AUGPTPTK,Đang chờ xử lý,2.15E+14,10/29/2025 0:52,,10/29/2025 0:01,hạt giống an tâm.vn,924378159,C2C(Non-CB),40514967908,"200 Hạt Giống Dâu Tây Khổng Lồ – Giống Chịu Nhiệt, Năng Suất Cao, Trồng Quanh Năm",2.81E+11,Normal Product,375771814772801_0_0,Nhà cửa & Đời sống,Làm vườn,Hạt giống & chất hỗ trợ trồng cây,6300,1,Shopee Comm,,6300,,6.00%,378,0.00%,0,378,0,0,0,,0,0.00%,0,100.00%,0,Đang chờ xử lý,"Trạng thái của sản phẩm đang chờ xử lý, hoa hồng sẽ chỉ được thanh toán khi nó được hoàn thành",Đơn hàng từ các Shop khác nhau,Đã tồn tại,CB1_2_20251103230605,,,,,Facebook
251029AUGPTPTK,Đang chờ xử lý,2.15E+14,10/29/2025 0:52,,10/29/2025 0:01,hạt giống an tâm.vn,924378159,C2C(Non-CB),40965130140,[QUÀ TẶNG] Hạt Giống Rau Ngẫu Nhiên – Hàng Tặng Không Bán1,3.01E+11,Normal Product,375771814772801_0_0,Nhà cửa & Đời sống,Làm vườn,Hạt giống & chất hỗ trợ trồng cây,0,1,XTRA Comm,,0,,6.00%,0,10.00%,0,0,0,0,0,,0,0.00%,0,100.00%,0,Đang chờ xử lý,"Trạng thái của sản phẩm đang chờ xử lý, hoa hồng sẽ chỉ được thanh toán khi nó được hoàn thành",Đơn hàng từ các Shop khác nhau,Đã tồn tại,CB1_2_20251103230605,,,,,Facebook
251029AUGPTPTK,Đang chờ xử lý,2.15E+14,10/29/2025 0:52,,10/29/2025 0:01,hạt giống an tâm.vn,924378159,C2C(Non-CB),41215121627,Quà Tặng Phân Bón NPK – Mua 5 Sản Phẩm Bất Kỳ Tặng Ngay – Hàng Tặng Không Bán,2.61E+11,Normal Product,375771814772801_0_0,Nhà cửa & Đời sống,Làm vườn,Phân bón,0,1,XTRA Comm,,0,,6.00%,0,10.00%,0,0,0,0,0,,0,0.00%,0,100.00%,0,Đang chờ xử lý,"Trạng thái của sản phẩm đang chờ xử lý, hoa hồng sẽ chỉ được thanh toán khi nó được hoàn thành",Đơn hàng từ các Shop khác nhau,Đã tồn tại,CB1_2_20251103230605,,,,,Facebook
251029ATN9G0ME,Đang chờ xử lý,2.15E+14,10/29/2025 0:37,,10/28/2025 16:11,Hoa lan Việt Anh,59294271,C2C(Non-CB),3634914582,"2 lọ chế phẩm hùng nguyễn - siêu ra rễ, kích ky, trừ nấm",22915242227,Normal Product,,Nhà cửa & Đời sống,Làm vườn,Phân bón,50000,1,Shopee Comm,,44500,,6.00%,2670,0.00%,0,2670,2670,0,2670,,0,0.00%,0,100.00%,2670,Đang chờ xử lý,"Trạng thái của sản phẩm đang chờ xử lý, hoa hồng sẽ chỉ được thanh toán khi nó được hoàn thành",Đơn hàng từ các Shop khác nhau,Đã tồn tại,CB1_2_20251103230605,,,,,Others
251029ATM82NM4,Đang chờ xử lý,2.15E+14,10/29/2025 0:36,,10/27/2025 4:17,THE TONKIN,1302965073,Shopee Mall(Non-CB),29559785055,"Máy massage cầm tay chính hãng TONKIN TK1, 99 cấp độ massage, thư dãn toàn thân, cổ, vai, gáy",1.58E+11,Normal Product,,Sức Khỏe,Chăm sóc cá nhân,Dụng cụ massage và trị liệu,39699,1,XTRA Comm,,19899,,6.00%,1193.94,5.00%,994.95,2188.89,1193.94,994.95,2188.89,,0,0.00%,0,100.00%,2188.89,Đang chờ xử lý,"Trạng thái của sản phẩm đang chờ xử lý, hoa hồng sẽ chỉ được thanh toán khi nó được hoàn thành",Đơn hàng từ các Shop khác nhau,Đã tồn tại,CB1_2_20251103230605,,,,,Facebook
251029ATHTUCJY,Đang chờ xử lý,2.15E+14,10/29/2025 0:35,,10/27/2025 9:35,THE TONKIN,1302965073,Shopee Mall(Non-CB),29559785055,"Máy massage cầm tay chính hãng TONKIN TK1, 99 cấp độ massage, thư dãn toàn thân, cổ, vai, gáy",1.58E+11,Normal Product,,Sức Khỏe,Chăm sóc cá nhân,Dụng cụ massage và trị liệu,39699,1,XTRA Comm,,14699,,6.00%,881.94,5.00%,734.95,1616.89,881.94,734.95,1616.89,,0,0.00%,0,100.00%,1616.89,Đang chờ xử lý,"Trạng thái của sản phẩm đang chờ xử lý, hoa hồng sẽ chỉ được thanh toán khi nó được hoàn thành",Đơn hàng từ các Shop khác nhau,Đã tồn tại,CB1_2_20251103230605,,,,,Facebook
251029AT0V5CEN,Đang chờ xử lý,2.15E+14,10/29/2025 0:25,,10/27/2025 15:02,CAMA STORE,399517032,C2C(Non-CB),24519485673,Quần ngủ tí hon nữ siêu ngắn đính nơ M105,2.40E+11,Normal Product,,Thời Trang Nữ,Quần đùi,Quần đùi,18000,1,XTRA Comm,,18000,,6.00%,1080,3.50%,630,1710,2160,1260,3420,,0,0.00%,0,100.00%,3420,Đang chờ xử lý,"Trạng thái của sản phẩm đang chờ xử lý, hoa hồng sẽ chỉ được thanh toán khi nó được hoàn thành",Đơn hàng từ các Shop khác nhau,Đã tồn tại,CB1_2_20251103230605,,,,,Others
251029AT0V5CEN,Đang chờ xử lý,2.15E+14,10/29/2025 0:25,,10/27/2025 15:02,CAMA STORE,399517032,C2C(Non-CB),24519485673,Quần ngủ tí hon nữ siêu ngắn đính nơ M105,2.40E+11,Normal Product,,Thời Trang Nữ,Quần đùi,Quần đùi,18000,1,XTRA Comm,,18000,,6.00%,1080,3.50%,630,1710,0,0,0,,0,0.00%,0,100.00%,0,Đang chờ xử lý,"Trạng thái của sản phẩm đang chờ xử lý, hoa hồng sẽ chỉ được thanh toán khi nó được hoàn thành",Đơn hàng từ các Shop khác nhau,Đã tồn tại,CB1_2_20251103230605,,,,,Others
251029AS3EX4PX,Đang chờ xử lý,2.15E+14,10/29/2025 0:09,,10/28/2025 10:25,sieure_8898,117227586,Preferred(Non-CB),23726202829,"Lọ Hoa Thuỷ Tinh Dáng Trụ 20cm, 25cm, 30cm Màu vàng và Màu Trắng",98616875522,Normal Product,,Nhà cửa & Đời sống,Trang trí nhà cửa,Bình trang trí,129000,1,Shopee Comm,,116100,,6.00%,6966,0.00%,0,6966,6966,0,6966,,0,0.00%,0,100.00%,6966,Đang chờ xử lý,"Trạng thái của sản phẩm đang chờ xử lý, hoa hồng sẽ chỉ được thanh toán khi nó được hoàn thành",Đơn hàng từ các Shop khác nhau,Đã tồn tại,CB1_2_20251103230605,,,,,Others
251029ARY9ER21,Đang chờ xử lý,2.15E+14,10/29/2025 0:06,,10/27/2025 1:06,DrCeutics Official Store,473985496,Shopee Mall(Non-CB),16590407739,DRCEUTICS Dung Dịch Loại Bỏ Tế Bào Chết Basic BHA 2% In Alcohol - Nền Cồn (100ml - 200ml),2.20E+11,Normal Product,,Sắc Đẹp,Chăm sóc da mặt,Tẩy tế bào chết,116400,1,XTRA Comm,,104760,,6.00%,6285.6,2.50%,2619,8904.6,6285.6,2619,8904.6,,0,0.00%,0,100.00%,8904.6,Đang chờ xử lý,"Trạng thái của sản phẩm đang chờ xử lý, hoa hồng sẽ chỉ được thanh toán khi nó được hoàn thành",Đơn hàng từ các Shop khác nhau,Đã tồn tại,CB1_2_20251103230605,,,,,Facebook
251029ARU3UQD4,Đang chờ xử lý,2.15E+14,10/29/2025 0:04,,10/28/2025 2:41,Tổng Kho Gia Dụng Cường Cao,1477970875,C2C(Non-CB),26231682180,Giá úp cốc con hình hươu thép không rỉ mạ vàng không han rỉ + tặng kèm đế khay màu xanh,1.96E+11,Normal Product,,Nhà cửa & Đời sống,Dụng cụ nhà bếp,Kệ để đồ nhà bếp,71900,1,XTRA Comm,,64710,,6.00%,3882.6,3.00%,1941.3,5823.9,3882.6,1941.3,5823.9,,0,0.00%,0,100.00%,5823.9,Đang chờ xử lý,"Trạng thái của sản phẩm đang chờ xử lý, hoa hồng sẽ chỉ được thanh toán khi nó được hoàn thành",Đơn hàng từ các Shop khác nhau,Đã tồn tại,CB1_2_20251103230605,,,,,Facebook
251029ARU3UQD2,Đang chờ xử lý,2.15E+14,10/29/2025 0:04,,10/28/2025 2:41,Sứ Long - Gốm sứ thủy tinh,971400656,Preferred(Non-CB),21880527943,"Bình đựng nước thủy tinh, ca nước DeLi cao cấp dung tích 1,3L",1.76E+11,Normal Product,,Nhà cửa & Đời sống,Bộ đồ bàn ăn,Bình nước,60000,1,Shopee Comm,,54000,,6.00%,3240,0.00%,0,3240,3240,0,3240,,0,0.00%,0,100.00%,3240,Đang chờ xử lý,"Trạng thái của sản phẩm đang chờ xử lý, hoa hồng sẽ chỉ được thanh toán khi nó được hoàn thành",Đơn hàng từ các Shop khác nhau,Đã tồn tại,CB1_2_20251103230605,,,,,Facebook
251029ARU3UQD1,Đang chờ xử lý,2.15E+14,10/29/2025 0:04,,10/28/2025 2:41,KATA Chinh Thuc,127871294,Preferred(Non-CB),18221294355,Ly Uống Rượu Mạnh Thủy Tinh Nhỏ Đẹp Đế Dày Bộ 12 Chiếc Deli Y6005 Dung Tích 20ml,2.50E+11,Normal Product,,Nhà cửa & Đời sống,Bộ đồ bàn ăn,"Cốc, ly, tách uống nước",70000,1,Shopee Comm,,63000,,6.00%,3780,0.00%,0,3780,3780,0,3780,,0,0.00%,0,100.00%,3780,Đang chờ xử lý,"Trạng thái của sản phẩm đang chờ xử lý, hoa hồng sẽ chỉ được thanh toán khi nó được hoàn thành",Đơn hàng từ các Shop khác nhau,Đã tồn tại,CB1_2_20251103230605,,,,,Facebook
